,日期,成交价,成交量,成交额,地点
0,2014-04-02,21.0,510020.0,10710400.0,湖北
1,2014-04-03,24.200000762939453,51468.0,1245530.0,湖北
2,2014-04-04,26.6200008392334,304125.0,8092670.0,湖北
3,2014-04-05,26.6200008392334,0.0,0.0,湖北
4,2014-04-06,26.6200008392334,0.0,0.0,湖北
5,2014-04-07,26.6200008392334,0.0,0.0,湖北
6,2014-04-08,29.25,112057.0,2976900.0,湖北
7,2014-04-09,25.030000686645508,77473.0,1941890.0,湖北
8,2014-04-10,24.5,64950.0,1606700.0,湖北
9,2014-04-11,24.0,113059.0,2803660.0,湖北
10,2014-04-12,24.0,0.0,0.0,湖北
11,2014-04-13,24.0,0.0,0.0,湖北
12,2014-04-14,24.5,58370.0,1427740.0,湖北
13,2014-04-15,25.299999237060547,63175.0,1600130.0,湖北
14,2014-04-16,25.200000762939453,76053.0,1912900.0,湖北
15,2014-04-17,25.5,99390.0,2457820.0,湖北
16,2014-04-18,25.200000762939453,77544.0,1944260.0,湖北
17,2014-04-19,25.200000762939453,0.0,0.0,湖北
18,2014-04-20,25.200000762939453,0.0,0.0,湖北
19,2014-04-21,25.079999923706055,99891.0,2481980.0,湖北
20,2014-04-22,24.600000381469727,116412.0,2882400.0,湖北
21,2014-04-23,24.600000381469727,65882.0,1609730.0,湖北
22,2014-04-24,24.0,49084.0,1183300.0,湖北
23,2014-04-25,24.299999237060547,55345.0,1344410.0,湖北
24,2014-04-26,24.299999237060547,0.0,0.0,湖北
25,2014-04-27,24.299999237060547,0.0,0.0,湖北
26,2014-04-28,25.0,57357.0,1404900.0,湖北
27,2014-04-29,23.989999771118164,62994.0,1527790.0,湖北
28,2014-04-30,24.450000762939453,2034940.0,83552.0,湖北
29,2014-05-01,24.450000762939453,0.0,0.0,湖北
30,2014-05-02,24.450000762939453,0.0,0.0,湖北
31,2014-05-03,24.450000762939453,0.0,0.0,湖北
32,2014-05-04,24.450000762939453,0.0,0.0,湖北
33,2014-05-05,24.0,50770.0,1228300.0,湖北
34,2014-05-06,23.989999771118164,42494.0,1012620.0,湖北
35,2014-05-07,23.959999084472656,43426.0,1032290.0,湖北
36,2014-05-08,23.850000381469727,45483.0,1079320.0,湖北
37,2014-05-09,23.729999542236328,38590.0,915799.0,湖北
38,2014-05-10,23.729999542236328,0.0,0.0,湖北
39,2014-05-11,23.729999542236328,0.0,0.0,湖北
40,2014-05-12,23.709999084472656,35890.0,847552.0,湖北
41,2014-05-13,23.510000228881836,70038.0,1652710.0,湖北
42,2014-05-14,23.530000686645508,75370.0,1787700.0,湖北
43,2014-05-15,23.760000228881836,46567.0,1118140.0,湖北
44,2014-05-16,25.0,41991.0,1006100.0,湖北
45,2014-05-17,25.0,0.0,0.0,湖北
46,2014-05-18,25.0,0.0,0.0,湖北
47,2014-05-19,24.299999237060547,45736.0,1095170.0,湖北
48,2014-05-20,24.209999084472656,36258.0,871286.0,湖北
49,2014-05-21,24.239999771118164,49062.0,1168390.0,湖北
50,2014-05-22,24.0,39071.0,949944.0,湖北
51,2014-05-23,24.0,43977.0,1051270.0,湖北
52,2014-05-24,24.0,0.0,0.0,湖北
53,2014-05-25,24.0,43977.0,1051270.0,湖北
54,2014-05-26,24.299999237060547,53045.0,1267470.0,湖北
55,2014-05-27,23.850000381469727,42235.0,1008860.0,湖北
56,2014-05-28,23.75,39347.0,939924.0,湖北
57,2014-05-29,23.829999923706055,49285.0,1168710.0,湖北
58,2014-05-30,24.0,42430.0,1014490.0,湖北
59,2014-05-31,24.0,0.0,0.0,湖北
60,2014-06-01,24.0,0.0,0.0,湖北
61,2014-06-02,24.0,0.0,0.0,湖北
62,2014-06-03,23.90999984741211,38890.0,930709.0,湖北
63,2014-06-04,23.899999618530273,40311.0,966504.0,湖北
64,2014-06-05,23.979999542236328,37699.0,902551.0,湖北
65,2014-06-06,23.399999618530273,46743.0,1104260.0,湖北
66,2014-06-07,23.399999618530273,0.0,0.0,湖北
67,2014-06-08,23.399999618530273,0.0,0.0,湖北
68,2014-06-09,23.649999618530273,40005.0,949125.0,湖北
69,2014-06-10,23.799999237060547,51044.0,1208900.0,湖北
70,2014-06-11,23.600000381469727,69436.0,1641760.0,湖北
71,2014-06-12,23.75,42191.0,992439.0,湖北
72,2014-06-13,23.75,42435.0,992721.0,湖北
73,2014-06-14,23.75,0.0,0.0,湖北
74,2014-06-15,23.75,0.0,0.0,湖北
75,2014-06-16,24.0,42312.0,989599.0,湖北
76,2014-06-17,23.0,55305.0,1264090.0,湖北
77,2014-06-18,22.010000228881836,43208.0,989034.0,湖北
78,2014-06-19,23.0,49128.0,1125830.0,湖北
79,2014-06-20,22.959999084472656,35251.0,808088.0,湖北
80,2014-06-21,22.959999084472656,0.0,0.0,湖北
81,2014-06-22,22.959999084472656,0.0,0.0,湖北
82,2014-06-23,22.920000076293945,52329.0,1198840.0,湖北
83,2014-06-24,23.450000762939453,37453.0,865396.0,湖北
84,2014-06-25,25.15999984741211,41431.0,954992.0,湖北
85,2014-06-26,21.0,50022.0,1136790.0,湖北
86,2014-06-27,23.0,42155.0,953669.0,湖北
87,2014-06-28,23.0,0.0,0.0,湖北
88,2014-06-29,23.0,0.0,0.0,湖北
89,2014-06-30,24.399999618530273,62454.0,1420090.0,湖北
90,2014-07-01,22.850000381469727,33999.0,774384.0,湖北
91,2014-07-02,23.799999237060547,52073.0,1192930.0,湖北
92,2014-07-03,24.299999237060547,52724.0,1206180.0,湖北
93,2014-07-04,23.0,44752.0,1018540.0,湖北
94,2014-07-05,23.0,0.0,0.0,湖北
95,2014-07-06,23.0,0.0,0.0,湖北
96,2014-07-07,23.0,38383.0,880997.0,湖北
97,2014-07-08,23.5,37879.0,879542.0,湖北
98,2014-07-09,23.219999313354492,47742.0,1109810.0,湖北
99,2014-07-10,23.5,36873.0,858468.0,湖北
100,2014-07-11,24.299999237060547,41097.0,971329.0,湖北
101,2014-07-12,24.299999237060547,0.0,0.0,湖北
102,2014-07-13,24.299999237060547,0.0,0.0,湖北
103,2014-07-14,23.639999389648438,37215.0,893560.0,湖北
104,2014-07-15,23.899999618530273,42500.0,1025880.0,湖北
105,2014-07-16,24.0,32708.0,785453.0,湖北
106,2014-07-17,23.899999618530273,42905.0,1027780.0,湖北
107,2014-07-18,24.5,32430.0,775213.0,湖北
108,2014-07-19,24.5,0.0,0.0,湖北
109,2014-07-20,24.5,0.0,0.0,湖北
110,2014-07-21,23.5,42644.0,1003990.0,湖北
111,2014-07-22,21.5,31456.0,742939.0,湖北
112,2014-07-23,23.1200008392334,42168.0,992117.0,湖北
113,2014-07-24,21.18000030517578,60062.0,1280040.0,湖北
114,2014-07-25,23.1299991607666,28824.0,656495.0,湖北
115,2014-07-26,23.1299991607666,0.0,0.0,湖北
116,2014-07-27,23.1299991607666,0.0,0.0,湖北
117,2014-07-28,22.799999237060547,28233.0,641926.0,湖北
118,2014-07-29,23.530000686645508,26504.0,632730.0,湖北
119,2014-07-30,23.989999771118164,30910.0,726502.0,湖北
120,2014-07-31,23.600000381469727,26001.0,613574.0,湖北
121,2014-08-01,23.950000762939453,22617.0,529922.0,湖北
122,2014-08-02,23.950000762939453,0.0,0.0,湖北
123,2014-08-03,23.950000762939453,0.0,0.0,湖北
124,2014-08-04,25.399999618530273,13508.0,311730.0,湖北
125,2014-08-05,20.8700008392334,19142.0,442327.0,湖北
126,2014-08-06,25.0,28205.0,650546.0,湖北
127,2014-08-07,22.299999237060547,16439.0,369449.0,湖北
128,2014-08-08,23.079999923706055,16181.0,372828.0,湖北
129,2014-08-09,23.079999923706055,0.0,0.0,湖北
130,2014-08-10,23.079999923706055,0.0,0.0,湖北
131,2014-08-11,23.0,9537.0,219483.0,湖北
132,2014-08-12,23.0,13226.0,298138.0,湖北
133,2014-08-13,22.8799991607666,11443.0,260573.0,湖北
134,2014-08-14,24.899999618530273,6524.0,147393.0,湖北
135,2014-08-15,22.81999969482422,39298.0,896879.0,湖北
136,2014-08-16,22.81999969482422,0.0,0.0,湖北
137,2014-08-17,22.81999969482422,0.0,0.0,湖北
138,2014-08-18,23.8799991607666,27318.0,615953.0,湖北
139,2014-08-19,23.200000762939453,7223.0,162918.0,湖北
140,2014-08-20,22.579999923706055,6935.0,156892.0,湖北
141,2014-08-21,23.5,4366.0,100039.0,湖北
142,2014-08-22,23.0,4583.0,102208.0,湖北
143,2014-08-23,23.0,0.0,0.0,湖北
144,2014-08-24,23.0,0.0,0.0,湖北
145,2014-08-25,22.5,24124.0,547229.0,湖北
146,2014-08-26,22.90999984741211,8545.0,196191.0,湖北
147,2014-08-27,22.950000762939453,6001.0,135535.0,湖北
148,2014-08-28,22.5,15759.0,364538.0,湖北
149,2014-08-29,23.479999542236328,37659.0,890388.0,湖北
150,2014-08-30,23.479999542236328,0.0,0.0,湖北
151,2014-08-31,23.479999542236328,0.0,0.0,湖北
152,2014-09-01,23.700000762939453,6505.0,154705.0,湖北
153,2014-09-02,21.40999984741211,7710.0,182966.0,湖北
154,2014-09-03,23.799999237060547,46270.0,1104600.0,湖北
155,2014-09-04,23.0,9242.0,220284.0,湖北
156,2014-09-05,23.809999465942383,11868.0,284193.0,湖北
157,2014-09-06,23.809999465942383,0.0,0.0,湖北
158,2014-09-07,23.809999465942383,0.0,0.0,湖北
159,2014-09-08,23.809999465942383,0.0,0.0,湖北
160,2014-09-09,23.969999313354492,12651.0,302150.0,湖北
161,2014-09-10,23.850000381469727,20537.0,492935.0,湖北
162,2014-09-11,24.0,10860.0,261701.0,湖北
163,2014-09-12,24.100000381469727,6939.0,167777.0,湖北
164,2014-09-13,24.100000381469727,0.0,0.0,湖北
165,2014-09-14,24.100000381469727,0.0,0.0,湖北
166,2014-09-15,23.700000762939453,6645.0,159553.0,湖北
167,2014-09-16,24.0,9494.0,230468.0,湖北
168,2014-09-17,23.950000762939453,15550.0,377295.0,湖北
169,2014-09-18,24.1299991607666,9116.0,220656.0,湖北
170,2014-09-19,24.450000762939453,20700.0,506975.0,湖北
171,2014-09-20,24.450000762939453,0.0,0.0,湖北
172,2014-09-21,24.450000762939453,0.0,0.0,湖北
173,2014-09-22,24.209999084472656,11740.0,287415.0,湖北
174,2014-09-23,24.139999389648438,27371.0,670812.0,湖北
175,2014-09-24,24.549999237060547,16301.0,399150.0,湖北
176,2014-09-25,24.700000762939453,10368.0,253570.0,湖北
177,2014-09-26,24.649999618530273,11129.0,273233.0,湖北
178,2014-09-27,24.649999618530273,0.0,0.0,湖北
179,2014-09-28,24.649999618530273,0.0,0.0,湖北
180,2014-09-29,24.59000015258789,31227.0,775810.0,湖北
181,2014-09-30,24.989999771118164,47251.0,1180980.0,湖北
182,2014-10-01,24.989999771118164,0.0,0.0,湖北
183,2014-10-02,24.989999771118164,0.0,0.0,湖北
184,2014-10-03,24.989999771118164,0.0,0.0,湖北
185,2014-10-04,24.989999771118164,0.0,0.0,湖北
186,2014-10-05,24.989999771118164,0.0,0.0,湖北
187,2014-10-06,24.989999771118164,0.0,0.0,湖北
188,2014-10-07,24.989999771118164,0.0,0.0,湖北
189,2014-10-08,25.079999923706055,14428.0,362080.0,湖北
190,2014-10-09,25.790000915527344,10121.0,256115.0,湖北
191,2014-10-10,25.0,22004.0,567384.0,湖北
192,2014-10-11,25.0,0.0,0.0,湖北
193,2014-10-12,25.0,0.0,0.0,湖北
194,2014-10-13,25.700000762939453,5927.0,151059.0,湖北
195,2014-10-14,25.5,6428.0,166047.0,湖北
196,2014-10-15,25.700000762939453,27932.0,720059.0,湖北
197,2014-10-16,25.600000381469727,7455.0,191005.0,湖北
198,2014-10-17,25.3700008392334,12300.0,313877.0,湖北
199,2014-10-18,25.3700008392334,0.0,0.0,湖北
200,2014-10-19,25.3700008392334,0.0,0.0,湖北
201,2014-10-20,25.700000762939453,9892.0,254554.0,湖北
202,2014-10-21,25.989999771118164,43273.0,1108480.0,湖北
203,2014-10-22,25.0,8027.0,197475.0,湖北
204,2014-10-23,25.0,5956.0,149353.0,湖北
205,2014-10-24,25.0,15480.0,386438.0,湖北
206,2014-10-25,25.0,0.0,0.0,湖北
207,2014-10-26,25.0,0.0,0.0,湖北
208,2014-10-27,25.020000457763672,12545.0,315525.0,湖北
209,2014-10-28,24.989999771118164,17174.0,430610.0,湖北
210,2014-10-29,25.0,23567.0,592499.0,湖北
211,2014-10-30,25.0,12868.0,322506.0,湖北
212,2014-10-31,25.010000228881836,18275.0,458461.0,湖北
213,2014-11-01,25.010000228881836,0.0,0.0,湖北
214,2014-11-02,25.010000228881836,0.0,0.0,湖北
215,2014-11-04,25.299999237060547,7228.0,182730.0,湖北
216,2014-11-05,25.299999237060547,7639.0,193191.0,湖北
217,2014-11-06,25.100000381469727,9764.0,245076.0,湖北
218,2014-11-07,25.200000762939453,17391.0,433561.0,湖北
219,2014-11-08,25.200000762939453,0.0,0.0,湖北
220,2014-11-09,25.200000762939453,0.0,0.0,湖北
221,2014-11-10,25.0,300.0,7500.0,湖北
222,2014-11-11,24.309999465942383,0.0,0.0,湖北
223,2014-11-12,24.309999465942383,27901.0,678790.0,湖北
224,2014-11-13,24.899999618530273,23347.0,577445.0,湖北
225,2014-11-14,24.899999618530273,11501.0,279745.0,湖北
226,2014-11-15,24.899999618530273,0.0,0.0,湖北
227,2014-11-16,24.899999618530273,0.0,0.0,湖北
228,2014-11-17,24.600000381469727,8010.0,195704.0,湖北
229,2014-11-18,24.399999618530273,16392.0,400777.0,湖北
230,2014-11-19,24.309999465942383,27901.0,678790.0,湖北
231,2014-11-20,24.399999618530273,10840.0,264539.0,湖北
232,2014-11-21,24.110000610351562,1200.0,28960.0,湖北
233,2014-11-22,24.110000610351562,0.0,0.0,湖北
234,2014-11-23,24.110000610351562,0.0,0.0,湖北
235,2014-11-24,24.200000762939453,5272.0,127311.0,湖北
236,2014-11-25,24.0,19801.0,475258.0,湖北
237,2014-11-26,24.100000381469727,61652.0,1489600.0,湖北
238,2014-11-27,24.149999618530273,2000.0,48450.0,湖北
239,2014-11-28,24.5,30877.0,748164.0,湖北
240,2014-11-29,24.5,0.0,0.0,湖北
241,2014-11-30,24.5,0.0,0.0,湖北
242,2014-12-01,25.200000762939453,11401.0,276645.0,湖北
243,2014-12-02,24.200000762939453,4204.0,101764.0,湖北
244,2014-12-03,24.299999237060547,15201.0,368053.0,湖北
245,2014-12-04,24.5,41367.0,1007710.0,湖北
246,2014-12-05,23.5,39790.0,963627.0,湖北
247,2014-12-06,23.5,0.0,0.0,湖北
248,2014-12-07,23.5,0.0,0.0,湖北
249,2014-12-08,24.219999313354492,19938.0,475335.0,湖北
250,2014-12-09,24.239999771118164,28292.0,689932.0,湖北
251,2014-12-10,24.350000381469727,27221.0,661261.0,湖北
252,2014-12-11,24.149999618530273,34553.0,839338.0,湖北
253,2014-12-12,24.299999237060547,41909.0,1018900.0,湖北
254,2014-12-13,24.299999237060547,0.0,0.0,湖北
255,2014-12-14,24.299999237060547,0.0,0.0,湖北
256,2014-12-15,24.219999313354492,34512.0,838140.0,湖北
257,2014-12-16,23.450000762939453,66807.0,1613510.0,湖北
258,2014-12-17,24.299999237060547,50080.0,1217300.0,湖北
259,2014-12-18,23.200000762939453,58759.0,1411360.0,湖北
260,2014-12-19,24.09000015258789,34252.0,825137.0,湖北
261,2014-12-20,24.09000015258789,0.0,0.0,湖北
262,2014-12-21,24.09000015258789,0.0,0.0,湖北
263,2014-12-22,24.139999389648438,30271.0,730614.0,湖北
264,2014-12-23,23.540000915527344,44400.0,1071100.0,湖北
265,2014-12-24,24.0,35206.0,847339.0,湖北
266,2014-12-25,23.90999984741211,12200.0,293908.0,湖北
267,2014-12-26,24.010000228881836,16103.0,387002.0,湖北
268,2014-12-27,24.010000228881836,0.0,0.0,湖北
269,2014-12-28,24.010000228881836,0.0,0.0,湖北
270,2014-12-29,24.5,56566.0,1365910.0,湖北
271,2014-12-30,23.850000381469727,32000.0,770520.0,湖北
272,2014-12-31,24.200000762939453,61091.0,1466640.0,湖北
273,2015-01-01,24.200000762939453,0.0,0.0,湖北
274,2015-01-02,24.200000762939453,0.0,0.0,湖北
275,2015-01-03,24.200000762939453,0.0,0.0,湖北
276,2015-01-04,24.200000762939453,0.0,0.0,湖北
277,2015-01-05,24.059999465942383,6068.0,145979.0,湖北
278,2015-01-06,24.170000076293945,28698.0,694917.0,湖北
279,2015-01-07,24.100000381469727,5039.0,121316.0,湖北
280,2015-01-08,24.25,5675.0,137626.0,湖北
281,2015-01-09,24.239999771118164,20763.0,502028.0,湖北
282,2015-01-10,24.239999771118164,0.0,0.0,湖北
283,2015-01-11,24.239999771118164,0.0,0.0,湖北
284,2015-01-12,24.170000076293945,15966.0,385165.0,湖北
285,2015-01-13,24.1299991607666,13839.0,334763.0,湖北
286,2015-01-14,24.139999389648438,8207.0,197894.0,湖北
287,2015-01-15,24.100000381469727,3008.0,72508.296875,湖北
288,2015-01-16,24.059999465942383,19946.0,479467.0,湖北
289,2015-01-17,24.059999465942383,0.0,0.0,湖北
290,2015-01-18,24.059999465942383,0.0,0.0,湖北
291,2015-01-19,24.1299991607666,5100.0,122180.0,湖北
292,2015-01-20,24.06999969482422,28819.0,692701.0,湖北
293,2015-01-21,24.0,27029.0,651285.0,湖北
294,2015-01-22,24.0,606.0,14424.0,湖北
295,2015-01-23,24.110000610351562,20528.0,494702.0,湖北
296,2015-01-24,24.110000610351562,0.0,0.0,湖北
297,2015-01-25,24.110000610351562,0.0,0.0,湖北
298,2015-01-26,24.079999923706055,22578.0,543467.0,湖北
299,2015-01-27,24.079999923706055,3274.0,78876.0,湖北
300,2015-01-28,24.079999923706055,13608.0,327721.0,湖北
301,2015-01-29,24.170000076293945,1623.0,38597.1015625,湖北
302,2015-01-30,24.149999618530273,66828.0,1630570.0,湖北
303,2015-01-31,24.149999618530273,0.0,0.0,湖北
304,2015-02-01,24.149999618530273,0.0,0.0,湖北
305,2015-02-02,24.200000762939453,1000.0,24200.0,湖北
306,2015-02-03,24.200000762939453,18338.0,444177.0,湖北
307,2015-02-04,24.09000015258789,880.0,21199.19921875,湖北
308,2015-02-05,24.09000015258789,2880.0,69399.203125,湖北
309,2015-02-06,24.1200008392334,14690.0,354058.0,湖北
310,2015-02-07,24.1200008392334,0.0,0.0,湖北
311,2015-02-08,24.1200008392334,0.0,0.0,湖北
312,2015-02-09,24.0,15099.0,362783.0,湖北
313,2015-02-10,24.100000381469727,7543.0,181581.0,湖北
314,2015-02-11,21.649999618530273,42992.0,1036590.0,湖北
315,2015-02-12,24.100000381469727,16000.0,385950.0,湖北
316,2015-02-13,24.100000381469727,19506.0,470705.0,湖北
317,2015-02-14,24.100000381469727,0.0,0.0,湖北
318,2015-02-15,24.100000381469727,0.0,0.0,湖北
319,2015-02-16,24.139999389648438,17303.0,412512.0,湖北
320,2015-02-17,21.440000534057617,3000.0,64320.0,湖北
321,2015-02-18,21.440000534057617,0.0,0.0,湖北
322,2015-02-19,21.440000534057617,0.0,0.0,湖北
323,2015-02-20,21.440000534057617,0.0,0.0,湖北
324,2015-02-21,21.440000534057617,0.0,0.0,湖北
325,2015-02-22,21.440000534057617,0.0,0.0,湖北
326,2015-02-23,21.440000534057617,0.0,0.0,湖北
327,2015-02-24,21.440000534057617,0.0,0.0,湖北
328,2015-02-25,21.440000534057617,0.0,0.0,湖北
329,2015-02-26,21.440000534057617,0.0,0.0,湖北
330,2015-02-27,21.440000534057617,0.0,0.0,湖北
331,2015-02-28,21.440000534057617,0.0,0.0,湖北
332,2015-03-01,21.440000534057617,0.0,0.0,湖北
333,2015-03-02,23.579999923706055,3200.0,75456.0,湖北
334,2015-03-03,24.100000381469727,26889.0,634161.0,湖北
335,2015-03-04,23.34000015258789,150.0,3501.0,湖北
336,2015-03-05,24.059999465942383,25185.0,579786.0,湖北
337,2015-03-06,24.049999237060547,32100.0,795839.0,湖北
338,2015-03-07,24.049999237060547,0.0,0.0,湖北
339,2015-03-08,24.049999237060547,0.0,0.0,湖北
340,2015-03-09,25.0,50956.0,1255920.0,湖北
341,2015-03-10,24.899999618530273,29303.0,730029.0,湖北
342,2015-03-11,22.610000610351562,114074.0,2704750.0,湖北
343,2015-03-12,25.5,27402.0,671982.0,湖北
344,2015-03-13,24.399999618530273,5253.0,139289.0,湖北
345,2015-03-14,24.399999618530273,0.0,0.0,湖北
346,2015-03-15,24.399999618530273,0.0,0.0,湖北
347,2015-03-16,25.399999618530273,7651.0,198798.0,湖北
348,2015-03-17,26.799999237060547,102508.0,2723850.0,湖北
349,2015-03-18,24.5,29521.0,769323.0,湖北
350,2015-03-19,26.579999923706055,51614.0,1333630.0,湖北
351,2015-03-20,25.100000381469727,43394.0,1125280.0,湖北
352,2015-03-21,25.100000381469727,0.0,0.0,湖北
353,2015-03-22,25.100000381469727,0.0,0.0,湖北
354,2015-03-23,26.790000915527344,32703.0,850964.0,湖北
355,2015-03-24,26.780000686645508,11300.0,295331.0,湖北
356,2015-03-25,26.290000915527344,70253.0,1819220.0,湖北
357,2015-03-26,23.360000610351562,65362.0,1601250.0,湖北
358,2015-03-27,23.309999465942383,25337.0,591653.0,湖北
359,2015-03-28,23.309999465942383,0.0,0.0,湖北
360,2015-03-29,23.309999465942383,0.0,0.0,湖北
361,2015-03-30,20.979999542236328,80509.0,1782690.0,湖北
362,2015-03-31,26.200000762939453,11043.0,285293.0,湖北
363,2015-04-01,25.639999389648438,12984.0,333846.0,湖北
364,2015-04-02,23.079999923706055,28257.0,704825.0,湖北
365,2015-04-03,22.979999542236328,108795.0,2704440.0,湖北
366,2015-04-04,22.979999542236328,0.0,0.0,湖北
367,2015-04-05,22.979999542236328,0.0,0.0,湖北
368,2015-04-06,22.979999542236328,0.0,0.0,湖北
369,2015-04-07,24.5,57100.0,1354780.0,湖北
370,2015-04-08,25.489999771118164,73811.0,1752460.0,湖北
371,2015-04-09,25.5,49579.0,1241970.0,湖北
372,2015-04-10,25.989999771118164,20112.0,520059.0,湖北
373,2015-04-11,25.989999771118164,0.0,0.0,湖北
374,2015-04-12,25.989999771118164,0.0,0.0,湖北
375,2015-04-13,24.0,43500.0,1099600.0,湖北
376,2015-04-14,25.0,84333.0,2140880.0,湖北
377,2015-04-15,25.5,82966.0,2097290.0,湖北
378,2015-04-16,24.850000381469727,37630.0,935432.0,湖北
379,2015-04-17,24.5,13000.0,321500.0,湖北
380,2015-04-18,24.5,0.0,0.0,湖北
381,2015-04-19,24.5,0.0,0.0,湖北
382,2015-04-20,25.600000381469727,30441.0,776783.0,湖北
383,2015-04-21,25.31999969482422,29752.0,758033.0,湖北
384,2015-04-22,25.600000381469727,17334.0,440020.0,湖北
385,2015-04-23,26.479999542236328,15795.0,399396.0,湖北
386,2015-04-24,25.479999542236328,47755.0,1176960.0,湖北
387,2015-04-25,25.479999542236328,0.0,0.0,湖北
388,2015-04-26,25.479999542236328,0.0,0.0,湖北
389,2015-04-27,26.350000381469727,44180.0,1110140.0,湖北
390,2015-04-28,25.170000076293945,2497.0,63508.6015625,湖北
391,2015-04-29,25.799999237060547,2700.0,63598.80078125,湖北
392,2015-04-30,25.5,28738.0,711661.0,湖北
393,2015-05-01,25.5,0.0,0.0,湖北
394,2015-05-02,25.5,0.0,0.0,湖北
395,2015-05-03,25.5,0.0,0.0,湖北
396,2015-05-04,26.34000015258789,61262.0,1590760.0,湖北
397,2015-05-05,26.350000381469727,97413.0,2584580.0,湖北
398,2015-05-06,28.690000534057617,17355.0,472469.0,湖北
399,2015-05-07,27.399999618530273,19183.0,528580.0,湖北
400,2015-05-08,27.649999618530273,47727.0,1305390.0,湖北
401,2015-05-09,27.649999618530273,0.0,0.0,湖北
402,2015-05-10,27.649999618530273,0.0,0.0,湖北
403,2015-05-11,27.90999984741211,146001.0,3972910.0,湖北
404,2015-05-12,24.459999084472656,146001.0,3972910.0,湖北
405,2015-05-13,27.0,13004.0,350640.0,湖北
406,2015-05-14,25.5,6000.0,153268.0,湖北
407,2015-05-15,26.68000030517578,3001.0,72706.5,湖北
408,2015-05-16,26.68000030517578,0.0,0.0,湖北
409,2015-05-17,26.68000030517578,0.0,0.0,湖北
410,2015-05-18,25.5,1543.0,39821.5,湖北
411,2015-05-19,25.450000762939453,7001.0,178426.0,湖北
412,2015-05-20,25.5,7399.0,186723.0,湖北
413,2015-05-21,26.0,5544.0,143038.0,湖北
414,2015-05-22,26.809999465942383,75859.0,1987050.0,湖北
415,2015-05-23,53.619998931884766,0.0,0.0,湖北
416,2015-05-24,26.809999465942383,0.0,0.0,湖北
417,2015-05-25,26.5,12880.0,338470.0,湖北
418,2015-05-26,26.100000381469727,32898.0,835667.0,湖北
419,2015-05-27,27.139999389648438,37629.0,960498.0,湖北
420,2015-05-28,23.1200008392334,101360.0,2567770.0,湖北
421,2015-05-29,23.799999237060547,64998.0,1622500.0,湖北
422,2015-05-30,23.799999237060547,0.0,0.0,湖北
423,2015-05-31,23.799999237060547,0.0,0.0,湖北
424,2015-06-01,25.299999237060547,54694.0,1374140.0,湖北
425,2015-06-02,22.770000457763672,121856.0,3087380.0,湖北
426,2015-06-03,25.5,40144.0,1022940.0,湖北
427,2015-06-04,27.5,17307.0,475943.0,湖北
428,2015-06-05,26.25,22894.0,590317.0,湖北
429,2015-06-06,26.25,0.0,0.0,湖北
430,2015-06-07,26.25,0.0,0.0,湖北
431,2015-06-08,25.5,27294.0,697559.0,湖北
432,2015-06-09,25.799999237060547,22976.0,591865.0,湖北
433,2015-06-10,25.799999237060547,0.0,0.0,湖北
434,2015-06-11,25.5,14227.0,364087.0,湖北
435,2015-06-12,25.399999618530273,4831.0,122703.0,湖北
436,2015-06-13,25.399999618530273,0.0,0.0,湖北
437,2015-06-14,25.399999618530273,0.0,0.0,湖北
438,2015-06-15,22.989999771118164,34319.0,842957.0,湖北
439,2015-06-16,25.200000762939453,5277.0,133708.0,湖北
440,2015-06-17,25.200000762939453,29072.0,729364.0,湖北
441,2015-06-18,25.489999771118164,19807.0,502574.0,湖北
442,2015-06-19,25.350000381469727,660.0,16694.5,湖北
443,2015-06-20,25.350000381469727,0.0,0.0,湖北
444,2015-06-21,25.350000381469727,0.0,0.0,湖北
445,2015-06-22,25.350000381469727,0.0,0.0,湖北
446,2015-06-23,25.200000762939453,17000.0,428400.0,湖北
447,2015-06-24,25.200000762939453,17500.0,441000.0,湖北
448,2015-06-25,25.200000762939453,16000.0,403200.0,湖北
449,2015-06-26,25.0,17039.0,427383.0,湖北
450,2015-06-27,25.0,0.0,0.0,湖北
451,2015-06-28,25.0,0.0,0.0,湖北
452,2015-06-29,25.0,31807.0,794829.0,湖北
453,2015-06-30,25.780000686645508,12095.0,305875.0,湖北
454,2015-07-01,25.780000686645508,0.0,0.0,湖北
455,2015-07-02,26.5,39556.0,997103.0,湖北
456,2015-07-03,24.0,226904.0,5287430.0,湖北
457,2015-07-04,24.0,0.0,0.0,湖北
458,2015-07-05,24.0,0.0,0.0,湖北
459,2015-07-06,22.899999618530273,284785.0,6649910.0,湖北
460,2015-07-07,22.5,331400.0,7754860.0,湖北
461,2015-07-08,24.5,565590.0,14036200.0,湖北
462,2015-07-09,25.0,859232.0,21392700.0,湖北
463,2015-07-10,23.049999237060547,1176197.0,29598338.0,湖北
464,2015-07-11,23.049999237060547,0.0,0.0,湖北
465,2015-07-12,23.049999237060547,0.0,0.0,湖北
466,2015-07-13,25.299999237060547,273377.0,7656220.0,湖北
467,2015-07-14,25.600000381469727,363353.0,9491590.0,湖北
468,2015-07-15,28.399999618530273,932782.0,25804100.0,湖北
469,2015-07-16,28.030000686645508,634664.0,17478600.0,湖北
470,2015-07-17,27.899999618530273,97050.0,2672370.0,湖北
471,2015-07-18,27.899999618530273,0.0,0.0,湖北
472,2015-07-19,27.899999618530273,0.0,0.0,湖北
473,2015-07-20,27.8799991607666,64934.0,1792530.0,湖北
474,2015-07-21,27.549999237060547,269271.0,7355960.0,湖北
475,2015-07-22,27.290000915527344,93925.0,2509430.0,湖北
476,2015-07-23,24.280000686645508,53052.0,1406720.0,湖北
477,2015-07-24,27.5,82977.0,2113210.0,湖北
478,2015-07-27,24.5,417.0,10215.5,湖北
479,2015-07-28,24.489999771118164,66622.0,1569770.0,湖北
480,2015-07-29,26.93000030517578,115311.0,2825710.0,湖北
481,2015-07-30,24.0,68171.0,1684600.0,湖北
482,2015-07-31,24.0,25180.0,616786.0,湖北
483,2015-08-03,22.049999237060547,29000.0,654200.0,湖北
484,2015-08-04,25.0,5002.0,125048.0,湖北
485,2015-08-05,21.389999389648438,1783.0,385152.0,湖北
486,2015-08-06,21.200000762939453,2974.0,71642.8984375,湖北
487,2015-08-07,25.5,1598.0,40700.0,湖北
488,2015-08-10,27.0,1600.0,42400.0,湖北
489,2015-08-11,25.950000762939453,0.0,0.0,湖北
490,2015-08-12,25.5,13169.0,335098.0,湖北
491,2015-08-13,25.450000762939453,9285.0,233951.0,湖北
492,2015-08-14,25.299999237060547,26001.0,656625.0,湖北
493,2015-08-17,22.729999542236328,32343.0,774936.0,湖北
494,2015-08-18,25.100000381469727,2000.0,50200.0,湖北
495,2015-08-19,27.489999771118164,15109.0,379251.0,湖北
496,2015-08-20,25.0,33360.0,847123.0,湖北
497,2015-08-21,25.5,9000.0,230700.0,湖北
498,2015-08-24,25.600000381469727,17153.0,413467.0,湖北
499,2015-08-25,24.0,23082.0,567703.0,湖北
500,2015-08-26,25.0,23500.0,587500.0,湖北
501,2015-08-27,25.450000762939453,1539.0,39992.6015625,湖北
502,2015-08-28,24.0,26900.0,656800.0,湖北
503,2015-08-31,24.5,26400.0,646611.0,湖北
504,2015-09-01,25.25,16151.0,399563.0,湖北
505,2015-09-02,24.700000762939453,56.0,1382.93994140625,湖北
506,2015-09-07,24.5,15703.0,386224.0,湖北
507,2015-09-08,24.600000381469727,26401.0,649465.0,湖北
508,2015-09-09,25.0,106.0,2570.68994140625,湖北
509,2015-09-10,24.0,27766.0,681219.0,湖北
510,2015-09-11,24.5,27549.0,668097.0,湖北
511,2015-09-14,24.799999237060547,16717.0,414582.0,湖北
512,2015-09-15,24.0,22000.0,528400.0,湖北
513,2015-09-16,24.5,78233.0,1856650.0,湖北
514,2015-09-17,23.0,136417.0,3280420.0,湖北
515,2015-09-18,24.399999618530273,243070.0,5779800.0,湖北
516,2015-09-21,23.0,141893.0,3340490.0,湖北
517,2015-09-22,23.799999237060547,207308.0,4850880.0,湖北
518,2015-09-23,23.350000381469727,110642.0,2575610.0,湖北
519,2015-09-24,23.200000762939453,75325.0,1745630.0,湖北
520,2015-09-25,25.0,14394.0,345136.0,湖北
521,2015-09-28,24.450000762939453,15108.0,352211.0,湖北
522,2015-09-29,23.200000762939453,107668.0,2639220.0,湖北
523,2015-09-30,23.200000762939453,74953.0,1934210.0,湖北
524,2015-10-08,26.5,40695.0,973813.0,湖北
525,2015-10-09,23.0,14503.0,334071.0,湖北
526,2015-10-12,23.399999618530273,63835.0,1489770.0,湖北
527,2015-10-13,23.299999237060547,63213.0,1471260.0,湖北
528,2015-10-14,23.25,78959.0,1830220.0,湖北
529,2015-10-15,23.1299991607666,67030.0,1549190.0,湖北
530,2015-10-16,23.18000030517578,56700.0,1314560.0,湖北
531,2015-10-19,23.110000610351562,64516.0,1490960.0,湖北
532,2015-10-20,22.899999618530273,39480.0,911926.0,湖北
533,2015-10-21,23.149999618530273,1256.0,29076.400390625,湖北
534,2015-10-22,23.56999969482422,50165.0,1165150.0,湖北
535,2015-10-23,23.200000762939453,48765.0,1129620.0,湖北
536,2015-10-26,23.100000381469727,45700.0,1055840.0,湖北
537,2015-10-27,23.149999618530273,53165.0,1229510.0,湖北
538,2015-10-28,21.0,40879.0,923576.0,湖北
539,2015-10-29,23.149999618530273,56637.0,1308550.0,湖北
540,2015-10-30,21.209999084472656,57700.0,1326310.0,湖北
541,2015-11-02,23.100000381469727,41174.0,929816.0,湖北
542,2015-11-03,24.18000030517578,49242.0,1069830.0,湖北
543,2015-11-04,23.100000381469727,46481.0,985461.0,湖北
544,2015-11-05,23.25,18764.0,408983.0,湖北
545,2015-11-06,23.15999984741211,40029.0,841872.0,湖北
546,2015-11-09,23.1299991607666,1102.0,22859.30078125,湖北
547,2015-11-10,20.0,101.0,2022.550048828125,湖北
548,2015-11-11,22.299999237060547,1000.0,20501.5,湖北
549,2015-11-12,22.549999237060547,1.0,22.549999237060547,湖北
550,2015-11-13,23.790000915527344,15020.0,348476.0,湖北
551,2015-11-16,23.100000381469727,23100.0,533652.0,湖北
552,2015-11-17,23.0,22280.0,513518.0,湖北
553,2015-11-18,23.010000228881836,15000.0,345150.0,湖北
554,2015-11-19,23.899999618530273,15144.0,348685.0,湖北
555,2015-11-20,23.049999237060547,106553.0,2451840.0,湖北
556,2015-11-23,23.100000381469727,86000.0,1988030.0,湖北
557,2015-11-24,23.1299991607666,62400.0,1443310.0,湖北
558,2015-11-25,23.729999542236328,30658.0,720614.0,湖北
559,2015-11-26,23.200000762939453,10000.0,232000.0,湖北
560,2015-11-27,23.110000610351562,10100.0,233410.0,湖北
561,2015-11-30,23.110000610351562,10600.0,244970.0,湖北
562,2015-12-01,23.049999237060547,29400.0,677686.0,湖北
563,2015-12-02,23.010000228881836,30363.0,698653.0,湖北
564,2015-12-03,23.049999237060547,15260.0,351730.0,湖北
565,2015-12-04,22.18000030517578,12230.0,271255.0,湖北
566,2015-12-07,22.5,11000.0,247500.0,湖北
567,2015-12-08,22.950000762939453,15632.0,359289.0,湖北
568,2015-12-09,22.959999084472656,16400.0,376580.0,湖北
569,2015-12-10,23.200000762939453,10333.0,239206.0,湖北
570,2015-12-14,22.950000762939453,27121.0,621884.375,湖北
571,2015-12-15,23.0,16268.0,374110.40625,湖北
572,2015-12-16,22.809999465942383,10.0,228.10000610351562,湖北
573,2015-12-17,22.549999237060547,2389.0,53925.109375,湖北
574,2015-12-18,22.600000381469727,3619.0,81589.3984375,湖北
575,2015-12-21,22.40999984741211,11605.0,260122.25,湖北
576,2015-12-22,22.600000381469727,20964.0,473793.0,湖北
577,2015-12-23,22.790000915527344,19659.0,447942.09375,湖北
578,2015-12-24,22.809999465942383,17655.0,402676.15625,湖北
579,2015-12-25,22.860000610351562,18835.0,430634.34375,湖北
580,2015-12-28,23.06999969482422,60419.0,1395685.25,湖北
581,2015-12-29,22.239999771118164,37734.0,868931.0,湖北
582,2015-12-30,23.079999923706055,66698.0,1484730.0,湖北
583,2015-12-31,24.399999618530273,182700.0,4457147.0,湖北
584,2016-01-04,22.600000381469727,3619.0,81589.3984375,湖北
585,2016-01-05,21.0,9488.0,225959.25,湖北
586,2016-01-06,23.079999923706055,23837.0,503294.3125,湖北
587,2016-01-07,23.700000762939453,8315.0,192941.0,湖北
588,2016-01-08,23.0,10018.0,230379.0,湖北
589,2016-01-11,22.670000076293945,8605.0,195058.203125,湖北
590,2016-01-12,22.8700008392334,12318.0,281701.625,湖北
591,2016-01-13,22.739999771118164,10070.0,228981.0,湖北
592,2016-01-14,22.829999923706055,42050.0,960112.5,湖北
593,2016-01-15,22.540000915527344,71086.0,1602398.5,湖北
594,2016-01-18,22.93000030517578,88688.0,2034232.25,湖北
595,2016-01-19,22.81999969482422,89600.0,2044565.0,湖北
596,2016-01-20,22.809999465942383,85200.0,1940417.0,湖北
597,2016-01-21,22.639999389648438,75400.0,1701840.0,湖北
598,2016-01-22,22.799999237060547,74600.0,1696706.0,湖北
599,2016-01-25,22.5,42248.0,896978.5,湖北
600,2016-01-26,22.309999465942383,22900.0,515100.0,湖北
601,2016-01-27,22.1299991607666,810.0,17927.099609375,湖北
602,2016-01-28,22.350000381469727,5939.0,132739.703125,湖北
603,2016-01-29,22.200000762939453,2000.0,44400.0,湖北
604,2016-02-01,22.440000534057617,11030.0,247479.0,湖北
605,2016-02-02,23.209999084472656,31730.0,736592.75,湖北
606,2016-02-03,23.309999465942383,15966.0,372202.28125,湖北
607,2016-02-04,23.25,608651.875,26175.0,湖北
608,2016-02-05,23.5,13000.0,305441.625,湖北
609,2016-02-15,23.049999237060547,5765.0,132904.34375,湖北
610,2016-02-16,23.5,3600.0,84600.0,湖北
611,2016-02-17,23.399999618530273,201300.0,4710363.0,湖北
612,2016-02-18,23.399999618530273,211290.0,4959947.5,湖北
613,2016-02-19,23.459999084472656,210000.0,4925700.0,湖北
614,2016-02-22,23.639999389648438,219000.0,5177900.0,湖北
615,2016-02-23,23.34000015258789,181431.0,4235276.5,湖北
616,2016-02-24,22.81999969482422,182846.0,4254936.0,湖北
617,2016-02-25,23.34000015258789,198034.0,4622964.0,湖北
618,2016-02-26,23.350000381469727,202000.0,4715800.0,湖北
619,2016-02-29,23.520000457763672,200000.0,4704000.0,湖北
620,2016-03-01,22.739999771118164,113218.0,2574960.5,湖北
621,2016-03-02,22.729999542236328,171700.0,3902689.25,湖北
622,2016-03-03,22.3700008392334,176380.0,3945478.0,湖北
623,2016-03-04,21.989999771118164,8729.0,191962.5,湖北
624,2016-03-07,22.139999389648438,7322.0,162074.921875,湖北
625,2016-03-08,21.850000381469727,16200.0,354050.0,湖北
626,2016-03-09,22.760000228881836,46000.0,1047000.0,湖北
627,2016-03-10,21.799999237060547,59414.0,1295174.5,湖北
628,2016-03-11,21.950000762939453,28723.0,630474.4375,湖北
629,2016-03-14,21.8799991607666,49294.0,1078660.5,湖北
630,2016-03-15,21.790000915527344,17827.0,390619.90625,湖北
631,2016-03-16,21.5,237634.0,5108737.0,湖北
632,2016-03-17,21.65999984741211,1510.0,32713.130859375,湖北
633,2016-03-18,22.0,30520.0,671741.25,湖北
634,2016-03-21,22.1200008392334,78500.0,1736652.0,湖北
635,2016-03-22,22.18000030517578,147300.0,3266410.0,湖北
636,2016-03-23,22.020000457763672,40100.0,883200.0,湖北
637,2016-03-24,22.149999618530273,49520.0,1096890.75,湖北
638,2016-03-25,22.049999237060547,21355.0,470899.0,湖北
639,2016-03-28,21.989999771118164,50600.0,1112876.0,湖北
640,2016-03-29,21.739999771118164,21103.0,458796.0625,湖北
641,2016-03-30,21.899999618530273,55114.0,1206987.625,湖北
642,2016-03-31,21.6200008392334,25171.0,544211.5625,湖北
643,2016-04-01,22.649999618530273,55366.0,1254127.0,湖北
644,2016-04-05,21.81999969482422,2543.0,55483.51171875,湖北
645,2016-04-06,22.93000030517578,55113.0,1263506.375,湖北
646,2016-04-07,21.790000915527344,36943.0,804926.625,湖北
647,2016-04-08,21.780000686645508,10856.0,236411.203125,湖北
648,2016-04-11,21.780000686645508,540.0,11759.7001953125,湖北
649,2016-04-12,21.639999389648438,5899.0,127628.6484375,湖北
650,2016-04-13,21.6299991607666,19608.0,425813.3125,湖北
651,2016-04-14,20.799999237060547,98861.0,2055885.125,湖北
652,2016-04-15,21.350000381469727,1022.0,21822.240234375,湖北
653,2016-04-18,20.229999542236328,75631.0,1530030.375,湖北
654,2016-04-19,20.510000228881836,200.0,4101.0,湖北
655,2016-04-20,20.510000228881836,700.0,14873.41015625,湖北
656,2016-04-21,20.059999465942383,32057.0,642993.3125,湖北
657,2016-04-22,20.079999923706055,17399.0,349374.84375,湖北
658,2016-04-25,19.1200008392334,22603.0,432061.0,湖北
659,2016-04-26,18.139999389648438,96012.0,1741983.5,湖北
660,2016-04-27,18.0,701.0,12618.990234375,湖北
661,2016-04-28,17.479999542236328,63207.0,1104659.375,湖北
662,2016-04-29,16.770000457763672,86474.0,1450017.75,湖北
663,2016-05-03,16.780000686645508,109042.0,1830260.375,湖北
664,2016-05-04,15.449999809265137,254733.0,3935688.0,湖北
665,2016-05-05,14.210000038146973,81288.0,1154718.375,湖北
666,2016-05-06,16.520000457763672,8327.0,137596.953125,湖北
667,2016-05-09,17.829999923706055,72204.0,1287036.75,湖北
668,2016-05-10,17.15999984741211,52338.0,898168.625,湖北
669,2016-05-11,17.229999542236328,81732.0,1407748.0,湖北
670,2016-05-12,17.229999542236328,20163.0,347502.3125,湖北
671,2016-05-13,17.3700008392334,14202.0,246746.453125,湖北
672,2016-05-16,17.59000015258789,139111.0,2447207.0,湖北
673,2016-05-17,17.270000457763672,8812.0,152214.125,湖北
674,2016-05-18,17.18000030517578,19899.0,341916.1875,湖北
675,2016-05-19,17.010000228881836,28724.0,488632.75,湖北
676,2016-05-20,16.299999237060547,26905.0,438546.125,湖北
677,2016-05-23,15.279999732971191,127204.0,1943958.0,湖北
678,2016-05-24,14.989999771118164,90762.0,1360877.5,湖北
679,2016-05-25,15.729999542236328,2253.0,35438.44921875,湖北
680,2016-05-26,15.640000343322754,27051.0,423112.625,湖北
681,2016-05-27,15.220000267028809,50092.0,762296.9375,湖北
682,2016-05-30,15.390000343322754,25466.0,392039.1875,湖北
683,2016-05-31,15.170000076293945,33019.0,500923.0,湖北
684,2016-06-01,15.539999961853027,20812.0,323356.0625,湖北
685,2016-06-02,15.520000457763672,50839.0,789169.75,湖北
686,2016-06-03,15.84000015258789,35932.0,569157.0,湖北
687,2016-06-06,16.43000030517578,52247.0,858297.875,湖北
688,2016-06-07,15.640000343322754,30251.0,473247.09375,湖北
689,2016-06-08,16.770000457763672,55701.0,934301.0625,湖北
690,2016-06-12,16.770000457763672,0.0,0.0,湖北
691,2016-06-13,15.829999923706055,31500.0,498750.0,湖北
692,2016-06-14,15.699999809265137,14569.0,228736.296875,湖北
693,2016-06-15,16.219999313354492,17971.0,291471.5,湖北
694,2016-06-16,16.06999969482422,3058.0,49150.921875,湖北
695,2016-06-17,16.020000457763672,4001.0,64096.69921875,湖北
696,2016-06-18,16.020000457763672,0.0,0.0,湖北
697,2016-06-19,16.020000457763672,0.0,0.0,湖北
698,2016-06-20,16.389999389648438,9601.0,157361.125,湖北
699,2016-06-21,16.549999237060547,41500.0,686700.0,湖北
700,2016-06-22,16.5,3451.0,56975.5,湖北
701,2016-06-23,16.549999237060547,8112.0,134254.0625,湖北
702,2016-06-24,16.200000762939453,6824.0,110543.3515625,湖北
703,2016-06-27,16.649999618530273,704.0,11723.3896484375,湖北
704,2016-06-28,16.559999465942383,3495.0,57882.44921875,湖北
705,2016-06-29,16.739999771118164,5684.0,95128.5390625,湖北
706,2016-06-30,16.520000457763672,3124.0,51621.19921875,湖北
707,2016-07-01,16.760000228881836,16153.0,270698.8125,湖北
708,2016-07-04,16.600000381469727,90148.0,1496463.875,湖北
709,2016-07-05,16.600000381469727,6199.0,104828.3984375,湖北
710,2016-07-06,16.790000915527344,7462.0,125287.6015625,湖北
711,2016-07-07,16.510000228881836,30501.0,503426.84375,湖北
712,2016-07-08,17.100000381469727,17900.0,306153.71875,湖北
713,2016-07-11,16.149999618530273,69602.0,1124107.0,湖北
714,2016-07-12,15.0,165685.0,2484678.25,湖北
715,2016-07-13,13.850000381469727,182297.0,2525258.5,湖北
716,2016-07-14,12.130000114440918,33379.0,404887.28125,湖北
717,2016-07-15,10.920000076293945,89381.0,976040.5,湖北
718,2016-07-18,10.8100004196167,162085.0,1752138.875,湖北
719,2016-07-19,10.069999694824219,159254.0,1704017.75,湖北
720,2016-07-20,10.59000015258789,75063.0,794917.1875,湖北
721,2016-07-21,10.479999542236328,21626.0,226640.484375,湖北
722,2016-07-22,10.59000015258789,599947.0,6355196.0,湖北
723,2016-07-25,11.1899995803833,163590.0,1830748.875,湖北
724,2016-07-26,12.460000038146973,45831.0,578728.5,湖北
725,2016-07-27,13.710000038146973,393974.0,4371202.0,湖北
726,2016-07-28,14.210000038146973,259760.0,3691398.0,湖北
727,2016-07-29,14.199999809265137,89281.0,1267790.25,湖北
728,2016-08-01,14.0600004196167,24207.0,340350.40625,湖北
729,2016-08-02,13.920000076293945,274.0,3814.080078125,湖北
730,2016-08-03,13.779999732971191,13458.0,185451.234375,湖北
731,2016-08-04,13.640000343322754,957.0,13053.48046875,湖北
732,2016-08-05,13.5,8568.0,115668.0,湖北
733,2016-08-08,13.510000228881836,74900.0,1011854.75,湖北
734,2016-08-09,14.079999923706055,42666.0,600659.25,湖北
735,2016-08-10,14.630000114440918,5984.0,87545.921875,湖北
736,2016-08-11,14.800000190734863,8.0,115.83999633789062,湖北
737,2016-08-12,14.34000015258789,26.0,372.8399963378906,湖北
738,2016-08-15,14.199999809265137,20029.0,284411.8125,湖北
739,2016-08-16,14.960000038146973,36134.0,508045.4375,湖北
740,2016-08-17,14.0,47226.0,660991.5625,湖北
741,2016-08-18,14.260000228881836,42019.0,599138.0,湖北
742,2016-08-19,14.609999656677246,11277.0,164812.8125,湖北
743,2016-08-22,14.680000305175781,18863.0,276817.84375,湖北
744,2016-08-23,15.050000190734863,58903.0,886320.3125,湖北
745,2016-08-24,15.34000015258789,37881.0,581041.625,湖北
746,2016-08-25,15.5,69305.0,1074221.75,湖北
747,2016-08-26,14.789999961853027,17223.0,254728.6875,湖北
748,2016-08-29,14.640000343322754,6716.0,98322.7578125,湖北
749,2016-08-30,14.819999694824219,37634.0,557725.0625,湖北
750,2016-08-31,15.329999923706055,82982.0,1272445.75,湖北
751,2016-09-01,15.34000015258789,41844.0,641988.25,湖北
752,2016-09-02,15.140000343322754,359.0,5435.259765625,湖北
753,2016-09-05,15.539999961853027,39428.0,612806.25,湖北
754,2016-09-06,14.869999885559082,6241.0,92831.609375,湖北
755,2016-09-07,14.869999885559082,28715.0,427028.4375,湖北
756,2016-09-08,14.720000267028809,18516.0,281880.71875,湖北
757,2016-09-09,15.289999961853027,10299.0,157435.1875,湖北
758,2016-09-12,15.279999732971191,19709.0,305472.1875,湖北
759,2016-09-13,15.279999732971191,4008.0,61232.9609375,湖北
760,2016-09-14,15.569999694824219,29416.0,458109.59375,湖北
761,2016-09-19,16.18000030517578,34780.0,562748.3125,湖北
762,2016-09-20,15.539999961853027,34347.0,533800.75,湖北
763,2016-09-21,15.819999694824219,2701.0,42741.12109375,湖北
764,2016-09-22,16.40999984741211,23984.0,393561.8125,湖北
765,2016-09-23,15.859999656677246,34249.0,543262.625,湖北
766,2016-09-26,16.239999771118164,21216.0,344468.53125,湖北
767,2016-09-27,16.610000610351562,29964.0,497613.875,湖北
768,2016-09-28,16.65999984741211,20524.0,341944.53125,湖北
769,2016-09-29,16.670000076293945,6275.0,104602.609375,湖北
770,2016-09-30,16.520000457763672,3584.0,59194.73828125,湖北
771,2016-10-10,16.600000381469727,14781.0,245368.5,湖北
772,2016-10-11,16.6200008392334,60731.0,100922.9375,湖北
773,2016-10-12,16.6200008392334,48436.0,805006.8125,湖北
774,2016-10-13,16.450000762939453,5934.0,97614.7578125,湖北
775,2016-10-14,16.510000228881836,3218.0,53129.1796875,湖北
776,2016-10-17,16.350000381469727,86.0,1406.0999755859375,湖北
777,2016-10-18,16.760000228881836,115.0,1927.800048828125,湖北
778,2016-10-19,16.260000228881836,504.0,8194.240234375,湖北
779,2016-10-20,16.110000610351562,837.0,13482.2001953125,湖北
780,2016-10-21,15.960000038146973,454.0,7245.7998046875,湖北
781,2016-10-24,15.779999732971191,1281.0,20214.599609375,湖北
782,2016-10-25,15.6899995803833,253.0,3968.3798828125,湖北
783,2016-10-26,15.550000190734863,838.0,13030.900390625,湖北
784,2016-10-27,15.420000076293945,1168.0,18009.119140625,湖北
785,2016-10-28,16.81999969482422,20.0,336.3999938964844,湖北
786,2016-10-31,16.649999618530273,1.0,16.649999618530273,湖北
787,2016-11-01,16.479999542236328,816.0,13447.6796875,湖北
788,2016-11-02,16.31999969482422,617.0,10069.4404296875,湖北
789,2016-11-03,16.15999984741211,208.0,3361.280029296875,湖北
790,2016-11-04,16.0,4459.0,71344.0,湖北
791,2016-11-07,15.859999656677246,2913.0,46186.87890625,湖北
792,2016-11-08,16.149999618530273,157.0,2535.080078125,湖北
793,2016-11-09,16.280000686645508,1562.0,25423.01953125,湖北
794,2016-11-10,16.329999923706055,4063.0,66348.7890625,湖北
795,2016-11-11,16.170000076293945,2561.0,41411.37109375,湖北
796,2016-11-14,16.219999313354492,12859.0,208589.0,湖北
797,2016-11-15,16.540000915527344,12041.0,199145.875,湖北
798,2016-11-16,16.8799991607666,11524.0,194563.34375,湖北
799,2016-11-17,16.610000610351562,1272.0,21128.98046875,湖北
800,2016-11-18,16.969999313354492,3449.0,58529.53125,湖北
801,2016-11-21,17.229999542236328,12254.0,211102.078125,湖北
802,2016-11-22,16.93000030517578,1402.0,23730.109375,湖北
803,2016-11-23,16.850000381469727,14531.0,244870.78125,湖北
804,2016-11-24,16.68000030517578,4137.0,68986.421875,湖北
805,2016-11-25,16.549999237060547,10008.0,165615.875,湖北
806,2016-11-28,17.020000457763672,17146.0,291866.28125,湖北
807,2016-11-29,17.8799991607666,4613.0,82475.171875,湖北
808,2016-11-30,17.780000686645508,5513.0,98035.3671875,湖北
809,2016-12-01,17.90999984741211,384.0,6877.3701171875,湖北
810,2016-12-02,18.5,13610.0,251837.828125,湖北
811,2016-12-05,19.170000076293945,12425.0,238134.0625,湖北
812,2016-12-06,19.010000228881836,12425.0,238134.0625,湖北
813,2016-12-07,18.81999969482422,34021.0,640275.25,湖北
814,2016-12-08,18.6299991607666,2982.0,55555.19140625,湖北
815,2016-12-09,18.440000534057617,1703.0,31403.3203125,湖北
816,2016-12-12,19.0,14951.0,284126.34375,湖北
817,2016-12-13,19.610000610351562,6384.0,125190.2421875,湖北
818,2016-12-14,19.40999984741211,1327.0,25757.0703125,湖北
819,2016-12-15,19.610000610351562,0.0,0.0,湖北
820,2016-12-16,19.610000610351562,0.0,0.0,湖北
821,2016-12-19,19.610000610351562,0.0,0.0,湖北
822,2016-12-20,19.610000610351562,0.0,0.0,湖北
823,2016-12-21,19.610000610351562,0.0,0.0,湖北
824,2016-12-22,19.610000610351562,0.0,0.0,湖北
825,2016-12-23,19.610000610351562,0.0,0.0,湖北
826,2016-12-26,18.170000076293945,671.0,12189.990234375,湖北
827,2016-12-27,19.06999969482422,1156.0,22048.8203125,湖北
828,2016-12-28,18.170000076293945,1985.0,36073.23046875,湖北
829,2016-12-29,18.459999084472656,1916.0,35368.2890625,湖北
830,2016-12-30,19.280000686645508,8796.0,169593.234375,湖北
831,2017-01-03,18.899999618530273,983.0,18573.8203125,湖北
832,2017-01-04,18.770000457763672,3370.0,63245.609375,湖北
833,2017-01-05,18.670000076293945,7767.0,145039.171875,湖北
834,2017-01-06,18.399999618530273,3193.0,58754.7890625,湖北
835,2017-01-09,18.520000457763672,11003.0,203776.203125,湖北
836,2017-01-10,17.709999084472656,15105.0,267482.25,湖北
837,2017-01-11,18.06999969482422,18634.0,336749.21875,湖北
838,2017-01-12,18.520000457763672,18368.0,340161.25,湖北
839,2017-01-13,18.31999969482422,19656.0,360144.125,湖北
840,2017-01-16,17.729999542236328,21092.0,373987.25,湖北
841,2017-01-17,19.459999084472656,15353.0,298720.46875,湖北
842,2017-01-18,17.43000030517578,20689.0,360592.8125,湖北
843,2017-01-19,18.290000915527344,3377.0,61309.828125,湖北
844,2017-01-20,19.360000610351562,13607.0,263454.1875,湖北
845,2017-01-23,18.5,7.0,129.5,湖北
846,2017-01-24,17.6299991607666,54.0,951.75,湖北
847,2017-01-25,18.68000030517578,5.0,93.4000015258789,湖北
848,2017-01-26,18.040000915527344,16.0,288.70001220703125,湖北
849,2017-02-03,18.0,10.0,177.5500030517578,湖北
850,2017-02-06,18.09000015258789,1708.0,30900.7109375,湖北
851,2017-02-07,18.030000686645508,1026.0,18501.880859375,湖北
852,2017-02-08,17.969999313354492,342.0,6144.60986328125,湖北
853,2017-02-09,18.149999618530273,1002.0,18186.0,湖北
854,2017-02-10,18.149999618530273,388.0,6769.93017578125,湖北
855,2017-02-13,17.450000762939453,575.0,10031.2001953125,湖北
856,2017-02-14,17.440000534057617,650.0,11338.2998046875,湖北
857,2017-02-15,17.65999984741211,348.0,6146.68017578125,湖北
858,2017-02-16,17.549999237060547,652.0,11441.599609375,湖北
859,2017-02-17,17.6200008392334,1507.0,26552.19921875,湖北
860,2017-02-20,17.670000076293945,1071.0,18920.80078125,湖北
861,2017-02-21,17.829999923706055,485.0,8647.2998046875,湖北
862,2017-02-22,17.459999084472656,1098.0,19175.7890625,湖北
863,2017-02-23,16.5,1935.0,34113.8515625,湖北
864,2017-02-24,17.68000030517578,605.0,10696.400390625,湖北
865,2017-02-27,17.610000610351562,35.0,616.4500122070312,湖北
866,2017-02-28,16.90999984741211,1188.0,20084.060546875,湖北
867,2017-03-01,17.139999389648438,146.0,2502.159912109375,湖北
868,2017-03-02,16.979999542236328,834.0,14159.7998046875,湖北
869,2017-03-03,16.959999084472656,2159.0,36611.8203125,湖北
870,2017-03-06,16.739999771118164,4401.0,73689.4375,湖北
871,2017-03-07,17.719999313354492,51.0,903.47998046875,湖北
872,2017-03-08,17.479999542236328,898.0,15697.830078125,湖北
873,2017-03-09,16.670000076293945,3317.0,55301.0390625,湖北
874,2017-03-10,16.770000457763672,852.0,14289.6396484375,湖北
875,2017-03-13,17.0,12305.0,209189.453125,湖北
876,2017-03-14,16.950000762939453,1027.0,17406.01953125,湖北
877,2017-03-15,17.549999237060547,5071.0,89001.390625,湖北
878,2017-03-16,35.13999938964844,7632.0,134077.4375,湖北
879,2017-03-17,17.510000228881836,10854.0,190028.0625,湖北
880,2017-03-20,17.25,13501.0,232856.546875,湖北
881,2017-03-21,17.350000381469727,11920.0,206790.375,湖北
882,2017-03-22,17.079999923706055,27856.0,475899.375,湖北
883,2017-03-23,17.5,39879.0,697863.25,湖北
884,2017-03-24,16.09000015258789,24991.0,402167.09375,湖北
885,2017-03-27,16.940000534057617,13538.0,229386.546875,湖北
886,2017-03-28,15.989999771118164,22153.0,354285.9375,湖北
887,2017-03-29,16.540000915527344,12504.0,206774.796875,湖北
888,2017-03-30,16.520000457763672,36161.0,597260.8125,湖北
889,2017-03-31,16.959999084472656,20240.0,343191.78125,湖北
890,2017-04-05,17.81999969482422,9382.0,167152.078125,湖北
891,2017-04-06,16.100000381469727,11126.0,179145.25,湖北
892,2017-04-07,16.579999923706055,38449.0,637564.375,湖北
893,2017-04-10,16.1200008392334,11418.0,184092.65625,湖北
894,2017-04-11,15.949999809265137,34554.0,551255.0,湖北
895,2017-04-12,15.010000228881836,93268.0,1399910.25,湖北
896,2017-04-13,14.680000305175781,118153.0,1734203.375,湖北
897,2017-04-14,14.130000114440918,50182.0,709297.375,湖北
898,2017-04-17,14.680000305175781,51771.0,760241.6875,湖北
899,2017-04-18,15.149999618530273,116520.0,1764938.75,湖北
900,2017-04-19,15.640000343322754,67552.0,1056588.875,湖北
901,2017-04-20,15.449999809265137,21260.0,328409.1875,湖北
902,2017-04-21,15.90999984741211,126544.0,2013150.375,湖北
903,2017-04-24,15.90999984741211,126544.0,2013150.375,湖北
904,2017-04-25,16.59000015258789,45572.0,756246.5625,湖北
905,2017-04-26,16.6200008392334,13447.0,223492.28125,湖北
906,2017-04-27,15.609999656677246,81352.0,1269651.0,湖北
907,2017-04-28,16.219999313354492,35544.0,576583.125,湖北
908,2017-05-02,16.299999237060547,9194.0,149882.234375,湖北
909,2017-05-03,15.75,30036.0,473119.96875,湖北
910,2017-05-04,15.40999984741211,208920.0,3220078.25,湖北
911,2017-05-05,16.219999313354492,128196.0,2079965.5,湖北
912,2017-05-08,16.559999465942383,50599.0,838120.4375,湖北
913,2017-05-09,16.770000457763672,38130.0,628366.4375,湖北
914,2017-05-10,16.479999542236328,65950.0,1088374.0,湖北
915,2017-05-11,16.389999389648438,49102.0,804893.9375,湖北
916,2017-05-12,16.399999618530273,112257.0,1841538.875,湖北
917,2017-05-15,16.360000610351562,47984.0,785072.5625,湖北
918,2017-05-16,15.850000381469727,92796.0,1471027.0,湖北
919,2017-05-17,16.399999618530273,232229.0,3805337.0,湖北
920,2017-05-18,16.479999542236328,250302.0,4107410.75,湖北
921,2017-05-19,16.229999542236328,25829.0,419091.53125,湖北
922,2017-05-22,16.90999984741211,105241.0,1765606.875,湖北
923,2017-05-23,16.90999984741211,92381.0,1553741.75,湖北
924,2017-05-24,16.940000534057617,32157.0,544594.4375,湖北
925,2017-05-25,16.920000076293945,113465.0,1906484.75,湖北
926,2017-05-26,16.719999313354492,108470.0,1813845.25,湖北
927,2017-05-31,16.709999084472656,39886.0,665618.125,湖北
928,2017-06-01,16.6299991607666,58834.0,978805.8125,湖北
929,2017-06-02,16.280000686645508,16249.0,266620.59375,湖北
930,2017-06-05,16.110000610351562,54149.0,888308.5625,湖北
931,2017-06-06,16.09000015258789,111616.0,1656556.25,湖北
932,2017-06-07,15.779999732971191,62942.0,1018053.3125,湖北
933,2017-06-08,15.8100004196167,24044.0,386364.875,湖北
934,2017-06-09,15.850000381469727,28862.0,454831.125,湖北
935,2017-06-12,15.9399995803833,116820.0,1834384.25,湖北
936,2017-06-13,15.460000038146973,314065.0,2572922.75,湖北
937,2017-06-14,15.649999618530273,94537.0,1479849.0,湖北
938,2017-06-15,15.640000343322754,114848.0,1796149.625,湖北
939,2017-06-16,15.649999618530273,214841.0,3282200.5,湖北
940,2017-06-19,15.600000381469727,143297.0,2241889.25,湖北
941,2017-06-20,15.399999618530273,150205.0,2334295.5,湖北
942,2017-06-21,15.329999923706055,159492.0,2440129.0,湖北
943,2017-06-22,14.710000038146973,243525.0,3727921.0,湖北
944,2017-06-23,14.359999656677246,229987.0,3330720.0,湖北
945,2017-06-26,13.899999618530273,171768.0,2418343.75,湖北
946,2017-06-27,13.989999771118164,141632.0,1964714.875,湖北
947,2017-06-28,13.680000305175781,173219.0,2410515.0,湖北
948,2017-06-29,13.4399995803833,160743.0,2144540.75,湖北
949,2017-06-30,13.579999923706055,136324.0,1850807.25,湖北
950,2017-07-03,13.670000076293945,109463.0,1494696.125,湖北
951,2017-07-04,14.069999694824219,119026.0,1690610.625,湖北
952,2017-07-05,13.949999809265137,338520.0,4756140.5,湖北
953,2017-07-06,14.0,150845.0,2091384.5,湖北
954,2017-07-07,14.0,100122.0,1405008.375,湖北
955,2017-07-10,13.920000076293945,57841.0,798789.4375,湖北
956,2017-07-11,14.0,173732.0,2413330.5,湖北
957,2017-07-12,13.800000190734863,352829.0,4099340.0,湖北
958,2017-07-13,13.90999984741211,586336.0,7381028.0,湖北
959,2017-07-14,13.899999618530273,181046.0,2502346.75,湖北
960,2017-07-17,13.880000114440918,179504.0,2451090.0,湖北
961,2017-07-18,13.649999618530273,150363.0,2049043.5,湖北
962,2017-07-19,13.1899995803833,421219.0,5489592.5,湖北
963,2017-07-20,13.1899995803833,66329.0,846222.0,湖北
964,2017-07-21,13.449999809265137,367159.0,4619143.5,湖北
965,2017-07-24,13.479999542236328,682202.0,8379340.5,湖北
966,2017-07-25,13.220000267028809,196458.0,2594795.75,湖北
967,2017-07-26,13.319999694824219,409146.0,5074308.0,湖北
968,2017-07-27,13.3100004196167,416911.0,5437543.0,湖北
969,2017-07-28,13.109999656677246,305339.0,4014566.0,湖北
970,2017-07-31,13.010000228881836,496697.0,6506759.5,湖北
971,2017-08-01,12.279999732971191,123534.0,1566683.375,湖北
972,2017-08-02,11.5600004196167,201233.0,2000814.625,湖北
973,2017-08-03,12.0,79044.0,778992.75,湖北
974,2017-08-04,12.229999542236328,33050.0,382001.1875,湖北
975,2017-08-07,12.229999542236328,989.0,12353.7900390625,湖北
976,2017-08-08,12.40999984741211,9124.0,111634.4609375,湖北
977,2017-08-09,12.430000305175781,922.0,11345.830078125,湖北
978,2017-08-10,12.399999618530273,458.0,5677.2900390625,湖北
979,2017-08-11,12.5600004196167,2841.0,35865.0390625,湖北
980,2017-08-14,12.829999923706055,6538.0,80909.7109375,湖北
981,2017-08-15,12.449999809265137,3278.0,40030.19921875,湖北
982,2017-08-16,12.229999542236328,1582.0,19584.810546875,湖北
983,2017-08-17,12.300000190734863,72805.0,772240.0,湖北
984,2017-08-18,12.390000343322754,244.0,3021.97998046875,湖北
985,2017-08-21,12.3100004196167,1151.0,14176.48046875,湖北
986,2017-08-22,12.510000228881836,105.0,1313.4200439453125,湖北
987,2017-08-23,12.600000381469727,1001.0,13014.2998046875,湖北
988,2017-08-24,13.390000343322754,640.0,8568.0,湖北
989,2017-08-25,12.710000038146973,307.0,3900.06005859375,湖北
990,2017-08-28,12.609999656677246,1063.0,13412.1298828125,湖北
991,2017-08-29,12.630000114440918,14.0,176.63999938964844,湖北
992,2017-08-30,12.739999771118164,3058.0,38858.0390625,湖北
993,2017-08-31,12.760000228881836,522.0,7003.56005859375,湖北
994,2017-09-01,12.970000267028809,5938.0,73770.25,湖北
995,2017-09-04,12.760000228881836,703.0,8979.8798828125,湖北
996,2017-09-05,12.930000305175781,116207.0,1469964.125,湖北
997,2017-09-06,12.9399995803833,411.0,5321.27978515625,湖北
998,2017-09-07,12.869999885559082,94952.0,1219905.0,湖北
999,2017-09-08,12.880000114440918,101042.0,1308272.625,湖北
1000,2017-09-11,13.170000076293945,84083.0,1082102.125,湖北
1001,2017-09-12,13.010000228881836,81533.0,1059216.625,湖北
1002,2017-09-13,13.199999809265137,102978.0,1330104.75,湖北
1003,2017-09-14,13.100000381469727,64280.0,838493.75,湖北
1004,2017-09-15,13.079999923706055,77278.0,1010412.625,湖北
1005,2017-09-18,13.100000381469727,123.0,1611.72998046875,湖北
1006,2017-09-19,13.479999542236328,204.0,2691.679931640625,湖北
1007,2017-09-20,13.010000228881836,473.0,6156.52001953125,湖北
1008,2017-09-21,13.079999923706055,672.0,8936.490234375,湖北
1009,2017-09-22,13.050000190734863,6.0,78.62999725341797,湖北
1010,2017-09-25,13.300000190734863,1095.0,14567.0498046875,湖北
1011,2017-09-26,13.25,5175.0,74754.75,湖北
1012,2017-09-27,13.25,407.0,5547.8701171875,湖北
1013,2017-09-28,13.5,111372.0,1488536.25,湖北
1014,2017-09-29,13.8100004196167,405.0,5592.27001953125,湖北
1015,2017-10-09,13.510000228881836,31.0,437.9100036621094,湖北
1016,2017-10-10,12.180000305175781,18002.0,219267.78125,湖北
1017,2017-10-11,13.399999618530273,11900.0,145550.0,湖北
1018,2017-10-12,13.710000038146973,65192.0,655640.9375,湖北
1019,2017-10-13,14.609999656677246,1143.0,15974.91015625,湖北
1020,2017-10-16,13.930000305175781,88.0,1235.6600341796875,湖北
1021,2017-10-17,14.300000190734863,517.0,7213.91015625,湖北
1022,2017-10-18,13.9399995803833,106.0,1583.989990234375,湖北
1023,2017-10-19,14.350000381469727,1071.0,15569.2900390625,湖北
1024,2017-10-20,13.729999542236328,8.0,111.81999969482422,湖北
1025,2017-10-23,13.6899995803833,28.0,385.1199951171875,湖北
1026,2017-10-24,13.6899995803833,6481.0,88734.703125,湖北
1027,2017-10-25,13.819999694824219,7603.0,104955.03125,湖北
1028,2017-10-26,13.619999885559082,35072.0,481694.625,湖北
1029,2017-10-27,13.84000015258789,3011.0,42156.1484375,湖北
1030,2017-10-30,13.760000228881836,35157.0,476143.28125,湖北
1031,2017-10-31,13.960000038146973,5141.0,71710.8984375,湖北
1032,2017-11-01,14.020000457763672,10796.0,157194.265625,湖北
1033,2017-11-02,14.270000457763672,49190.0,687727.9375,湖北
1034,2017-11-03,14.25,9537.0,134989.09375,湖北
1035,2017-11-06,14.390000343322754,17478.0,251065.6875,湖北
1036,2017-11-07,14.789999961853027,127164.0,1820910.0,湖北
1037,2017-11-08,14.720000267028809,59966.0,898517.75,湖北
1038,2017-11-09,15.050000190734863,45785.0,510165.625,湖北
1039,2017-11-10,15.029999732971191,22051.0,331531.34375,湖北
1040,2017-11-13,16.190000534057617,54574.0,899646.5625,湖北
1041,2017-11-14,16.200000762939453,53446.0,874930.125,湖北
1042,2017-11-15,15.989999771118164,15995.0,259090.4375,湖北
1043,2017-11-16,16.010000228881836,240247.0,3878580.5,湖北
1044,2017-11-17,16.020000457763672,12769.0,205069.3125,湖北
1045,2017-11-20,15.949999809265137,9991.0,159153.84375,湖北
1046,2017-11-21,15.699999809265137,6188.0,97920.7734375,湖北
1047,2017-11-22,15.100000381469727,27944.0,431517.6875,湖北
1048,2017-11-23,15.359999656677246,1832.0,27843.189453125,湖北
1049,2017-11-24,15.270000457763672,8045.0,123500.1484375,湖北
1050,2017-11-27,14.930000305175781,14086.0,211588.234375,湖北
1051,2017-11-28,15.140000343322754,8198.0,122462.921875,湖北
1052,2017-11-29,14.979999542236328,7934.0,118146.203125,湖北
1053,2017-11-30,14.880000114440918,6565.0,98239.2421875,湖北
1054,2017-12-01,14.949999809265137,33299.0,498636.25,湖北
1055,2017-12-04,15.329999923706055,8792.0,132713.546875,湖北
1056,2017-12-05,15.260000228881836,15068.0,231983.875,湖北
1057,2017-12-06,15.170000076293945,3998.0,60989.44921875,湖北
1058,2017-12-07,15.449999809265137,6557.0,99647.921875,湖北
1059,2017-12-08,15.100000381469727,9826.0,149139.84375,湖北
1060,2017-12-11,15.329999923706055,4644.0,70667.328125,湖北
1061,2017-12-12,15.489999771118164,37316.0,568743.0,湖北
1062,2017-12-13,15.239999771118164,36179.0,552291.1875,湖北
1063,2017-12-14,15.210000038146973,19470.0,295943.21875,湖北
1064,2017-12-15,15.1899995803833,12026.0,182387.8125,湖北
1065,2017-12-18,15.050000190734863,5756.0,87375.5703125,湖北
1066,2017-12-19,15.1899995803833,35839.0,550242.375,湖北
1067,2017-12-20,15.319999694824219,21772.0,336464.59375,湖北
1068,2017-12-21,15.380000114440918,10797.0,166595.625,湖北
1069,2017-12-22,15.449999809265137,21862.0,340434.90625,湖北
1070,2017-12-25,15.600000381469727,7203.0,112888.8671875,湖北
1071,2017-12-26,15.619999885559082,15183.0,237199.65625,湖北
1072,2017-12-27,15.630000114440918,18009.0,284273.46875,湖北
1073,2017-12-28,15.520000457763672,13551.0,212531.984375,湖北
1074,2017-12-29,15.680000305175781,11760.0,185213.796875,湖北
1075,2018-01-02,15.229999542236328,631.0,9598.6796875,湖北
1076,2018-01-03,15.289999961853027,2905.0,44144.671875,湖北
1077,2018-01-04,15.020000457763672,1090.0,16609.109375,湖北
1078,2018-01-05,14.699999809265137,8144.0,120422.3984375,湖北
1079,2018-01-08,15.010000228881836,63244.0,843098.625,湖北
1080,2018-01-09,15.289999961853027,68.0,1030.3299560546875,湖北
1081,2018-01-10,15.420000076293945,1009.0,14705.740234375,湖北
1082,2018-01-11,15.300000190734863,713.0,10860.7099609375,湖北
1083,2018-01-12,15.329999923706055,153.0,2273.090087890625,湖北
1084,2018-01-15,15.329999923706055,153.0,2273.090087890625,湖北
1085,2018-01-16,15.34000015258789,1549.0,23237.94921875,湖北
1086,2018-01-17,14.760000228881836,3182.0,47358.26171875,湖北
1087,2018-01-18,14.979999542236328,4514.0,66780.1875,湖北
1088,2018-01-19,14.949999809265137,4109.0,60009.890625,湖北
1089,2018-01-22,15.140000343322754,1090.0,15833.990234375,湖北
1090,2018-01-23,15.069999694824219,3356.0,50593.6484375,湖北
1091,2018-01-24,14.319999694824219,31.0,458.42999267578125,湖北
1092,2018-01-25,14.989999771118164,800.0,11990.5498046875,湖北
1093,2018-01-26,14.569999694824219,11683.0,174127.953125,湖北
1094,2018-01-29,14.930000305175781,22937.0,342409.8125,湖北
1095,2018-01-30,15.4399995803833,710.0,10306.2197265625,湖北
1096,2018-01-31,15.140000343322754,73998.0,1102027.5,湖北
1097,2018-02-01,14.850000381469727,54563.0,807250.9375,湖北
1098,2018-02-02,14.970000267028809,30114.0,447677.71875,湖北
1099,2018-02-05,14.640000343322754,12.0,179.57000732421875,湖北
1100,2018-02-06,14.899999618530273,13.0,190.6999969482422,湖北
1101,2018-02-07,14.930000305175781,14504.0,213208.84375,湖北
1102,2018-02-08,14.989999771118164,67.0,1004.3300170898438,湖北
1103,2018-02-09,15.020000457763672,9.0,134.9499969482422,湖北
1104,2018-02-12,14.399999618530273,502.0,7229.27978515625,湖北
1105,2018-02-13,14.149999618530273,182.0,2572.47998046875,湖北
1106,2018-02-14,15.289999961853027,12.0,176.94000244140625,湖北
1107,2018-02-22,16.350000381469727,2.0,32.70000076293945,湖北
1108,2018-02-23,14.720000267028809,159.0,2345.06005859375,湖北
1109,2018-02-26,14.300000190734863,204.0,2888.760009765625,湖北
1110,2018-02-27,14.84000015258789,2126.0,30390.130859375,湖北
1111,2018-02-28,14.989999771118164,11.0,163.8300018310547,湖北
1112,2018-03-01,14.069999694824219,34.0,483.760009765625,湖北
1113,2018-03-02,14.989999771118164,518.0,7469.68994140625,湖北
1114,2018-03-05,14.979999542236328,1414.0,21187.890625,湖北
1115,2018-03-06,15.09000015258789,4.0,60.34000015258789,湖北
1116,2018-03-07,14.859999656677246,1810.0,26863.4609375,湖北
1117,2018-03-08,14.84000015258789,662.0,9684.0,湖北
1118,2018-03-09,15.460000038146973,219481.0,2286331.5,湖北
1119,2018-03-12,14.949999809265137,818.0,11736.669921875,湖北
1120,2018-03-13,14.800000190734863,12542.0,185597.515625,湖北
1121,2018-03-14,14.979999542236328,152.0,2193.860107421875,湖北
1122,2018-03-15,14.979999542236328,0.0,0.0,湖北
1123,2018-03-16,14.979999542236328,416.0,6039.7900390625,湖北
1124,2018-03-19,14.859999656677246,1535.0,22722.390625,湖北
1125,2018-03-20,14.779999732971191,2226.0,31870.6796875,湖北
1126,2018-03-21,15.1899995803833,2376.0,35639.23828125,湖北
1127,2018-03-22,15.510000228881836,4.0,62.04999923706055,湖北
1128,2018-03-23,14.949999809265137,4738.0,70866.96875,湖北
1129,2018-03-26,15.239999771118164,743.0,11141.9501953125,湖北
1130,2018-03-27,14.9399995803833,1504.0,22355.76953125,湖北
1131,2018-03-28,15.170000076293945,64258.0,951420.8125,湖北
1132,2018-03-29,15.109999656677246,35.0,525.7100219726562,湖北
1133,2018-03-30,14.890000343322754,4004.0,58478.171875,湖北
1134,2018-04-02,15.25,1631.0,23235.689453125,湖北
1135,2018-04-03,15.479999542236328,2229.0,33430.33984375,湖北
1136,2018-04-04,15.600000381469727,12955.0,200213.0625,湖北
1137,2018-04-09,15.760000228881836,31297.0,485102.1875,湖北
1138,2018-04-10,15.699999809265137,3630.0,56105.0,湖北
1139,2018-04-11,15.069999694824219,26.0,394.7099914550781,湖北
1140,2018-04-12,15.5,99236.0,1483903.75,湖北
1141,2018-04-13,15.739999771118164,4016.0,61249.0390625,湖北
1142,2018-04-16,14.720000267028809,8.0,122.83000183105469,湖北
1143,2018-04-17,15.75,7435.0,113707.1484375,湖北
1144,2018-04-18,15.470000267028809,3936.0,59823.140625,湖北
1145,2018-04-19,15.989999771118164,12305.0,191198.40625,湖北
1146,2018-04-20,15.489999771118164,5789.0,88475.5,湖北
1147,2018-04-23,15.539999961853027,103011.0,1080551.625,湖北
1148,2018-04-24,15.579999923706055,3017.0,45965.6015625,湖北
1149,2018-04-25,15.569999694824219,2583.0,39661.578125,湖北
1150,2018-04-26,15.65999984741211,13347.0,207039.734375,湖北
1151,2018-04-27,15.529999732971191,26038.0,401915.875,湖北
1152,2018-05-02,16.0,6011.0,92417.1484375,湖北
1153,2018-05-03,15.960000038146973,49232.0,746098.5,湖北
1154,2018-05-04,15.800000190734863,1204.0,18702.33984375,湖北
1155,2018-05-07,15.649999618530273,9590.0,148207.34375,湖北
1156,2018-05-08,15.600000381469727,10038.0,156358.4375,湖北
1157,2018-05-09,15.550000190734863,14111.0,217666.046875,湖北
1158,2018-05-10,15.579999923706055,6011.0,93140.296875,湖北
1159,2018-05-11,15.640000343322754,10864.0,168347.09375,湖北
1160,2018-05-14,15.5600004196167,10805.0,167419.0625,湖北
1161,2018-05-15,15.5600004196167,22003.0,340157.1875,湖北
1162,2018-05-16,15.569999694824219,23144.0,358431.125,湖北
1163,2018-05-17,15.449999809265137,15610.0,242386.4375,湖北
1164,2018-05-18,15.470000267028809,17366.0,269242.375,湖北
1165,2018-05-21,15.5,8428.0,130779.2890625,湖北
1166,2018-05-22,15.489999771118164,10727.0,165482.3125,湖北
1167,2018-05-23,15.550000190734863,36262.0,562929.8125,湖北
1168,2018-05-24,15.9399995803833,33432.0,532971.875,湖北
1169,2018-05-25,17.520000457763672,29444.0,494882.6875,湖北
1170,2018-05-28,17.260000228881836,32452.0,560149.0625,湖北
1171,2018-05-29,16.969999313354492,223965.0,3801228.0,湖北
1172,2018-05-30,16.889999389648438,34268.0,578817.125,湖北
1173,2018-05-31,16.739999771118164,13576.0,227271.3125,湖北
1174,2018-06-01,16.969999313354492,202011.0,3427634.25,湖北
1175,2018-06-04,16.940000534057617,756.0,12626.7197265625,湖北
1176,2018-06-05,16.739999771118164,20364.0,340962.125,湖北
1177,2018-06-06,16.559999465942383,13154.0,217857.03125,湖北
1178,2018-06-07,16.6299991607666,14351.0,238607.828125,湖北
1179,2018-06-08,16.799999237060547,18285.0,307233.75,湖北
1180,2018-06-11,16.6299991607666,23382.0,388932.9375,湖北
1181,2018-06-12,16.3799991607666,133246.0,2182558.25,湖北
1182,2018-06-13,16.350000381469727,59065.0,965641.25,湖北
1183,2018-06-14,16.459999084472656,9424.0,155074.5625,湖北
1184,2018-06-15,16.790000915527344,153091.0,2569819.0,湖北
1185,2018-06-19,16.8700008392334,33279.0,561256.125,湖北
1186,2018-06-20,16.860000610351562,10432.0,175935.09375,湖北
1187,2018-06-21,16.790000915527344,10779.0,180936.0,湖北
1188,2018-06-22,16.889999389648438,133201.0,2250743.5,湖北
1189,2018-06-25,16.75,148593.0,2488371.25,湖北
1190,2018-06-26,16.469999313354492,36427.0,599792.375,湖北
1191,2018-06-27,16.829999923706055,80481.0,1354592.0,湖北
1192,2018-06-28,16.809999465942383,40075.0,673598.375,湖北
1193,2018-06-29,16.799999237060547,91938.0,1544688.625,湖北
1194,2018-07-02,17.989999771118164,20515.0,369102.5,湖北
1195,2018-07-03,17.290000915527344,133098.0,2271887.5,湖北
1196,2018-07-04,16.829999923706055,34036.0,546335.5625,湖北
1197,2018-07-05,17.450000762939453,120051.0,2014049.625,湖北
1198,2018-07-06,17.68000030517578,29901.0,529273.25,湖北
1199,2018-07-09,17.969999313354492,58675.0,1054107.0,湖北
1200,2018-07-10,18.360000610351562,49263.0,904589.25,湖北
1201,2018-07-11,18.700000762939453,42677.0,798032.25,湖北
1202,2018-07-12,18.790000915527344,25510.0,479263.1875,湖北
1203,2018-07-13,19.899999618530273,46668.0,928601.6875,湖北
1204,2018-07-16,19.989999771118164,1020.0,20385.94921875,湖北
1205,2018-07-17,19.600000381469727,48903.0,958423.9375,湖北
1206,2018-07-18,20.149999618530273,45377.0,914207.3125,湖北
1207,2018-07-19,19.6299991607666,26660.0,523459.375,湖北
1208,2018-07-20,20.059999465942383,36078.0,729539.6875,湖北
1209,2018-07-23,20.459999084472656,69686.0,1411023.875,湖北
1210,2018-07-24,20.65999984741211,70194.0,1450347.75,湖北
1211,2018-07-25,21.850000381469727,259554.0,5677882.5,湖北
1212,2018-07-26,22.18000030517578,66471.0,1474690.0,湖北
1213,2018-07-27,21.8700008392334,178546.0,3905563.0,湖北
1214,2018-07-30,23.600000381469727,115827.0,2733024.5,湖北
1215,2018-07-31,24.5,55236.0,1353337.625,湖北
1216,2018-08-01,24.84000015258789,108565.0,2696644.0,湖北
1217,2018-08-02,25.309999465942383,81505.0,2063150.125,湖北
1218,2018-08-03,27.299999237060547,102222.0,2576361.75,湖北
1219,2018-08-06,25.43000030517578,114037.0,2900179.25,湖北
1220,2018-08-07,26.440000534057617,414692.0,10963022.0,湖北
1221,2018-08-08,28.059999465942383,168079.0,4716846.5,湖北
1222,2018-08-09,29.0,87248.0,2516967.75,湖北
1223,2018-08-10,29.700000762939453,224738.0,6647167.0,湖北
1224,2018-08-13,28.81999969482422,189658.0,5474349.5,湖北
1225,2018-08-14,28.940000534057617,123568.0,3576609.5,湖北
1226,2018-08-15,29.299999237060547,109782.0,3223880.25,湖北
1227,2018-08-16,28.979999542236328,99677.0,2888404.75,湖北
1228,2018-08-17,29.350000381469727,92465.0,2699170.25,湖北
1229,2018-08-20,28.90999984741211,53416.0,1544427.5,湖北
1230,2018-08-21,27.139999389648438,82925.0,2250953.5,湖北
1231,2018-08-22,27.65999984741211,73819.0,2092796.5,湖北
1232,2018-08-23,27.549999237060547,105932.0,2885143.25,湖北
1233,2018-08-24,27.579999923706055,151770.0,4250340.0,湖北
1234,2018-08-27,27.309999465942383,263191.0,7219619.0,湖北
1235,2018-08-28,26.700000762939453,333539.0,8867486.0,湖北
1236,2018-08-29,27.18000030517578,197159.0,5319726.0,湖北
1237,2018-08-30,26.850000381469727,166834.0,4555260.0,湖北
1238,2018-08-31,27.780000686645508,92183.0,2484748.5,湖北
1239,2018-09-03,27.389999389648438,302273.0,8290684.0,湖北
1240,2018-09-04,27.299999237060547,105186.0,2858874.5,湖北
1241,2018-09-05,27.350000381469727,10122.0,276051.9375,湖北
1242,2018-09-06,27.479999542236328,28847.0,749093.125,湖北
1243,2018-09-07,27.200000762939453,60948.0,1662530.75,湖北
1244,2018-09-10,27.170000076293945,35043.0,882822.75,湖北
1245,2018-09-11,27.729999542236328,13183.0,356709.5625,湖北
1246,2018-09-12,27.079999923706055,4124.0,10556.3603515625,湖北
1247,2018-09-13,27.43000030517578,26115.0,656509.1875,湖北
1248,2018-09-14,29.75,12589.0,368052.09375,湖北
1249,2018-09-17,28.8799991607666,4317.0,116733.9296875,湖北
1250,2018-09-18,28.899999618530273,2813.0,75671.921875,湖北
1251,2018-09-19,27.479999542236328,53.0,1448.4200439453125,湖北
1252,2018-09-20,28.479999542236328,2560.0,71304.1875,湖北
1253,2018-09-21,27.299999237060547,6.0,167.8300018310547,湖北
1254,2018-09-25,28.0,1818.0,50337.609375,湖北
1255,2018-09-26,28.34000015258789,12690.0,355059.59375,湖北
1256,2018-09-27,28.040000915527344,11452.0,318863.46875,湖北
1257,2018-09-28,27.899999618530273,23492.0,655549.5625,湖北
1258,2018-10-08,28.260000228881836,2606.0,73650.640625,湖北
1259,2018-10-09,28.299999237060547,8877.0,251182.3125,湖北
1260,2018-10-10,26.850000381469727,14058.0,377440.4375,湖北
1261,2018-10-11,28.15999984741211,815.0,22949.8203125,湖北
1262,2018-10-12,29.979999542236328,1.0,29.979999542236328,湖北
1263,2018-10-15,28.489999771118164,69862.0,1990102.125,湖北
1264,2018-10-16,28.420000076293945,1803.0,51239.01171875,湖北
1265,2018-10-17,28.34000015258789,8700.0,246547.9375,湖北
1266,2018-10-18,27.600000381469727,19876.0,548643.75,湖北
1267,2018-10-19,28.899999618530273,18589.0,537250.0,湖北
1268,2018-10-22,29.360000610351562,1855.0,54458.4609375,湖北
1269,2018-10-23,29.299999237060547,1363.0,39941.3515625,湖北
1270,2018-10-24,29.6200008392334,4828.0,143005.515625,湖北
1271,2018-10-25,31.450000762939453,13085.0,411477.0,湖北
1272,2018-10-26,30.899999618530273,25.0,773.0999755859375,湖北
1273,2018-10-29,30.6200008392334,458.0,14023.0703125,湖北
1274,2018-10-30,29.049999237060547,1036.0,30098.080078125,湖北
1275,2018-10-31,30.889999389648438,254.0,7846.5,湖北
1276,2018-11-01,28.899999618530273,86825.0,2509162.75,湖北
1277,2018-11-02,29.8799991607666,180.0,5378.919921875,湖北
1278,2018-11-05,27.829999923706055,67884.0,1889171.375,湖北
1279,2018-11-06,29.0,50151.0,1454298.375,湖北
1280,2018-11-07,25.959999084472656,10429.0,270773.90625,湖北
1281,2018-11-08,25.969999313354492,6157.0,159911.75,湖北
1282,2018-11-09,30.350000381469727,7083.0,214993.65625,湖北
1283,2018-11-12,28.079999923706055,1510.0,42404.421875,湖北
1284,2018-11-13,28.09000015258789,1115.0,31307.75,湖北
1285,2018-11-14,27.920000076293945,16851.0,470519.6875,湖北
1286,2018-11-15,28.229999542236328,253.0,7141.4501953125,湖北
1287,2018-11-16,27.15999984741211,4723.0,128286.6796875,湖北
1288,2018-11-19,29.239999771118164,282.0,8245.4697265625,湖北
1289,2018-11-20,28.8799991607666,16.0,464.04998779296875,湖北
1290,2018-11-21,29.0,10028.0,290831.9375,湖北
1291,2018-11-22,32.709999084472656,1.0,32.709999084472656,湖北
1292,2018-11-23,32.63999938964844,3477.0,113496.0390625,湖北
1293,2018-11-26,30.049999237060547,379.0,11390.5595703125,湖北
1294,2018-11-27,27.3799991607666,4322.0,118353.2734375,湖北
1295,2018-11-28,31.709999084472656,4101.0,130047.78125,湖北
1296,2018-11-29,29.239999771118164,1018.0,29768.3203125,湖北
1297,2018-11-30,27.200000762939453,4903.0,133378.734375,湖北
1298,2018-12-03,29.34000015258789,7.0,205.39999389648438,湖北
1299,2018-12-04,29.889999389648438,3.0,89.66000366210938,湖北
1300,2018-12-05,30.309999465942383,7.0,212.17999267578125,湖北
1301,2018-12-06,32.41999816894531,6650.0,215605.234375,湖北
1302,2018-12-07,29.06999969482422,233.0,6775.10986328125,湖北
1303,2018-12-10,28.190000534057617,361.0,10177.48046875,湖北
1304,2018-12-11,30.729999542236328,7.0,215.11000061035156,湖北
1305,2018-12-12,29.0,396.0,11485.080078125,湖北
1306,2018-12-13,28.68000030517578,312.0,8950.51953125,湖北
1307,2018-12-14,28.75,339.0,9745.8203125,湖北
1308,2018-12-17,28.920000076293945,207.0,5987.64013671875,湖北
1309,2018-12-18,28.709999084472656,411.0,11801.2802734375,湖北
1310,2018-12-19,28.6299991607666,647.0,18526.80078125,湖北
1311,2018-12-20,30.3799991607666,3458.0,105056.2734375,湖北
1312,2018-12-21,28.139999389648438,3826.0,107658.5390625,湖北
1313,2018-12-24,28.959999084472656,50.0,1448.1300048828125,湖北
1314,2018-12-25,28.1299991607666,669.0,18820.83984375,湖北
1315,2018-12-26,30.670000076293945,5.0,153.3800048828125,湖北
1316,2018-12-27,28.520000457763672,86.0,2453.080078125,湖北
1317,2018-12-28,28.6299991607666,374.0,10707.2197265625,湖北
1318,2019-01-02,29.989999771118164,10109.0,303130.5625,湖北
1319,2019-01-03,29.989999771118164,143.0,4288.52978515625,湖北
1320,2019-01-04,29.3799991607666,8.0,235.07000732421875,湖北
1321,2019-01-07,28.639999389648438,922.0,26403.880859375,湖北
1322,2019-01-08,28.600000381469727,327.0,9352.0595703125,湖北
1323,2019-01-09,28.219999313354492,716.0,20207.970703125,湖北
1324,2019-01-10,28.75,34.0,977.6099853515625,湖北
1325,2019-01-11,31.110000610351562,5.0,155.55999755859375,湖北
1326,2019-01-14,28.610000610351562,567.0,16223.0703125,湖北
1327,2019-01-15,29.299999237060547,333.0,9443.240234375,湖北
1328,2019-01-16,30.68000030517578,316.0,9695.2802734375,湖北
1329,2019-01-17,35.130001068115234,34634.0,1216952.375,湖北
1330,2019-01-18,28.940000534057617,193.0,5585.419921875,湖北
1331,2019-01-21,27.90999984741211,507.0,14150.669921875,湖北
1332,2019-01-22,28.979999542236328,295.0,8482.76953125,湖北
1333,2019-01-23,30.739999771118164,25.0,768.5399780273438,湖北
1334,2019-01-24,28.510000228881836,744.0,20866.990234375,湖北
1335,2019-01-25,30.34000015258789,1228.0,34545.05859375,湖北
1336,2019-01-28,29.489999771118164,5401.0,155495.765625,湖北
1337,2019-01-29,28.649999618530273,2002.0,56548.46875,湖北
1338,2019-01-30,28.989999771118164,159.0,4492.75,湖北
1339,2019-01-31,29.600000381469727,14.0,414.3999938964844,湖北
1340,2019-02-01,29.190000534057617,191.0,5482.919921875,湖北
1341,2019-02-11,30.989999771118164,1.0,30.989999771118164,湖北
1342,2019-02-12,28.799999237060547,22.0,635.8200073242188,湖北
1343,2019-02-13,28.799999237060547,823.0,22905.41015625,湖北
1344,2019-02-14,28.549999237060547,2617.0,69742.96875,湖北
1345,2019-02-15,28.969999313354492,5100.0,145454.484375,湖北
1346,2019-02-18,28.739999771118164,578.0,16276.3701171875,湖北
1347,2019-02-19,28.709999084472656,72.0,1990.4000244140625,湖北
1348,2019-02-20,31.469999313354492,2442.0,76861.6875,湖北
1349,2019-02-21,28.399999618530273,126.0,3580.919921875,湖北
1350,2019-02-22,28.649999618530273,143.0,4075.489990234375,湖北
1351,2019-02-25,28.440000534057617,1943.0,50748.51953125,湖北
1352,2019-02-26,28.040000915527344,511.0,13863.580078125,湖北
1353,2019-02-27,28.829999923706055,678.0,19185.509765625,湖北
1354,2019-02-28,28.889999389648438,147.0,4207.1298828125,湖北
1355,2019-03-01,28.5,5202.0,147558.984375,湖北
1356,2019-03-04,28.260000228881836,1975.0,60847.76953125,湖北
1357,2019-03-05,29.899999618530273,3072.0,87610.65625,湖北
1358,2019-03-06,28.760000228881836,35.0,1029.949951171875,湖北
1359,2019-03-07,28.790000915527344,25.0,731.1300048828125,湖北
1360,2019-03-08,29.309999465942383,13.0,380.80999755859375,湖北
1361,2019-03-11,28.549999237060547,71.0,2048.85009765625,湖北
1362,2019-03-12,28.8700008392334,39.0,1135.260009765625,湖北
1363,2019-03-13,27.809999465942383,228.0,6344.990234375,湖北
1364,2019-03-14,28.790000915527344,2626.0,74902.921875,湖北
1365,2019-03-15,28.790000915527344,639.0,18248.5,湖北
1366,2019-03-18,28.5,162.0,4518.669921875,湖北
1367,2019-03-19,28.280000686645508,267.0,7551.5498046875,湖北
1368,2019-03-20,28.020000457763672,1025.0,28715.55078125,湖北
1369,2019-03-21,28.3799991607666,4159.0,118032.9296875,湖北
1370,2019-03-22,28.479999542236328,2157.0,61342.359375,湖北
1371,2019-03-25,28.25,689.0,19466.23046875,湖北
1372,2019-03-26,26.06999969482422,2184.0,56940.828125,湖北
1373,2019-03-27,28.530000686645508,23.0,656.0999755859375,湖北
1374,2019-03-28,28.399999618530273,166.0,4713.93017578125,湖北
1375,2019-03-29,30.510000228881836,2738.0,83552.3125,湖北
1376,2019-04-01,27.700000762939453,8867.0,245628.1875,湖北
1377,2019-04-02,27.1299991607666,123.0,3336.47998046875,湖北
1378,2019-04-03,28.93000030517578,6779.0,196117.5,湖北
1379,2019-04-04,28.65999984741211,68.0,1948.6500244140625,湖北
1380,2019-04-08,28.09000015258789,359.0,10086.6298828125,湖北
1381,2019-04-09,28.459999084472656,1020.0,29033.33984375,湖北
1382,2019-04-10,27.40999984741211,16.0,438.54998779296875,湖北
1383,2019-04-11,28.520000457763672,117.0,3336.669921875,湖北
1384,2019-04-12,31.329999923706055,1.0,31.329999923706055,湖北
1385,2019-04-15,34.2599983215332,3020.0,103492.28125,湖北
1386,2019-04-16,29.25,8.0,233.9600067138672,湖北
1387,2019-04-17,29.56999969482422,14.0,413.9599914550781,湖北
1388,2019-04-18,29.530000686645508,30.0,885.8300170898438,湖北
1389,2019-04-19,28.5,6.0,171.47999572753906,湖北
1390,2019-04-22,28.729999542236328,38.0,1116.81005859375,湖北
1391,2019-04-23,29.639999389648438,146.0,4309.58984375,湖北
1392,2019-04-24,28.93000030517578,618.0,17877.76953125,湖北
1393,2019-04-25,28.43000030517578,111.0,3155.4599609375,湖北
1394,2019-04-26,29.780000686645508,67.0,1995.56005859375,湖北
1395,2019-04-29,29.5,1664.0,49085.671875,湖北
1396,2019-04-30,29.100000381469727,390.0,11348.759765625,湖北
1397,2019-05-06,32.779998779296875,667.0,21864.9296875,湖北
1398,2019-05-07,31.950000762939453,692.0,22108.5,湖北
1399,2019-05-08,31.350000381469727,730.0,22885.66015625,湖北
1400,2019-05-09,32.31999969482422,170.0,5493.93994140625,湖北
1401,2019-05-10,33.86000061035156,158.0,5350.60009765625,湖北
1402,2019-05-13,32.0099983215332,1390.0,44505.171875,湖北
1403,2019-05-14,32.9900016784668,329.0,10543.5,湖北
1404,2019-05-15,35.84000015258789,274.0,9147.509765625,湖北
1405,2019-05-16,34.45000076293945,877.0,30211.529296875,湖北
1406,2019-05-17,34.63999938964844,907.0,31417.470703125,湖北
1407,2019-05-20,35.22999954223633,1541.0,54292.98046875,湖北
1408,2019-05-21,35.41999816894531,539.0,19091.16015625,湖北
1409,2019-05-22,35.4900016784668,311.0,11038.6298828125,湖北
1410,2019-05-23,36.06999969482422,8265.0,298089.53125,湖北
1411,2019-05-24,36.849998474121094,131.0,4827.7998046875,湖北
1412,2019-05-27,37.709999084472656,2875.0,108407.59375,湖北
1413,2019-05-28,38.849998474121094,1159.0,45024.5703125,湖北
1414,2019-05-29,44.84000015258789,9975.0,447306.25,湖北
1415,2019-05-30,46.22999954223633,2198.0,101602.578125,湖北
1416,2019-05-31,51.209999084472656,6240.0,319593.5625,湖北
1417,2019-06-03,52.43000030517578,19340.0,1056744.75,湖北
1418,2019-06-04,53.849998474121094,12436.0,590069.6875,湖北
1419,2019-06-05,50.720001220703125,9426.0,493994.8125,湖北
1420,2019-06-06,45.650001525878906,1832.0,84705.921875,湖北
1421,2019-06-10,41.09000015258789,1320.0,54241.7109375,湖北
1422,2019-06-11,36.97999954223633,866.0,32025.619140625,湖北
1423,2019-06-12,33.779998779296875,451.0,15435.240234375,湖北
1424,2019-06-13,30.549999237060547,3127.0,95661.203125,湖北
1425,2019-06-14,28.649999618530273,2015.0,60726.69140625,湖北
1426,2019-06-17,29.68000030517578,6534.0,193908.59375,湖北
1427,2019-06-18,33.54999923706055,5472.0,183581.8125,湖北
1428,2019-06-19,37.2400016784668,10989.0,409266.78125,湖北
1429,2019-06-20,41.09000015258789,7256.0,298188.0625,湖北
1430,2019-06-21,36.95000076293945,781.0,28862.310546875,湖北
1431,2019-06-24,36.9900016784668,739.0,27081.720703125,湖北
1432,2019-06-25,37.7599983215332,480.0,17424.740234375,湖北
1433,2019-06-26,37.619998931884766,87.0,3157.8701171875,湖北
1434,2019-06-27,36.72999954223633,470.0,18273.0,湖北
1435,2019-06-28,38.47999954223633,543.0,19924.529296875,湖北
1436,2019-07-01,38.029998779296875,1123.0,42704.94140625,湖北
1437,2019-07-02,37.5099983215332,996.0,37357.66015625,湖北
1438,2019-07-03,37.779998779296875,506.0,19117.349609375,湖北
1439,2019-07-04,38.45000076293945,369.0,14186.8896484375,湖北
1440,2019-07-05,38.97999954223633,2513.0,97947.703125,湖北
1441,2019-07-08,38.79999923706055,10875.0,421956.09375,湖北
1442,2019-07-09,39.52000045776367,9797.0,387200.1875,湖北
1443,2019-07-10,40.09000015258789,1733.0,69479.03125,湖北
1444,2019-07-11,42.59000015258789,34538.0,1471075.5,湖北
1445,2019-07-12,38.869998931884766,22930.0,891451.6875,湖北
1446,2019-07-15,38.599998474121094,1341.0,51766.109375,湖北
1447,2019-07-16,38.439998626708984,48211.0,1853229.0,湖北
1448,2019-07-17,39.130001068115234,7787.0,304732.4375,湖北
1449,2019-07-18,39.08000183105469,755.0,29508.029296875,湖北
1450,2019-07-19,38.380001068115234,3943.0,151312.3125,湖北
1451,2019-07-22,38.880001068115234,21913.0,851992.625,湖北
1452,2019-07-23,39.06999969482422,18397.0,718715.5,湖北
1453,2019-07-24,39.02000045776367,472.0,18418.98046875,湖北
1454,2019-07-25,38.54999923706055,27693.0,1067634.375,湖北
1455,2019-07-26,38.5099983215332,17050.0,656635.4375,湖北
1456,2019-07-29,38.18000030517578,12370.0,472276.96875,湖北
1457,2019-07-30,38.58000183105469,11623.0,448462.6875,湖北
1458,2019-07-31,40.439998626708984,26.0,1051.3399658203125,湖北
1459,2019-08-01,38.7599983215332,5174.0,200537.765625,湖北
1460,2019-08-02,38.65999984741211,28468.0,1100447.375,湖北
1461,2019-08-05,38.130001068115234,1943.0,74095.1484375,湖北
1462,2019-08-06,37.86000061035156,3427.0,129749.21875,湖北
1463,2019-08-07,37.630001068115234,5301.0,199494.9375,湖北
1464,2019-08-08,37.97999954223633,42303.0,1619918.875,湖北
1465,2019-08-09,37.84000015258789,22535.0,852279.0,湖北
1466,2019-08-12,36.630001068115234,103612.0,3795619.75,湖北
1467,2019-08-13,35.630001068115234,124371.0,4431867.5,湖北
1468,2019-08-14,32.65999984741211,57631.0,1882084.875,湖北
1469,2019-08-15,33.02000045776367,11984.0,395717.625,湖北
1470,2019-08-16,32.95000076293945,528.0,17396.240234375,湖北
1471,2019-08-19,33.31999969482422,276330.0,9208260.0,湖北
1472,2019-08-20,33.5,4325.0,144895.390625,湖北
1473,2019-08-21,33.5,4325.0,144895.390625,湖北
1474,2019-08-22,34.5,38898.0,1341890.75,湖北
1475,2019-08-23,35.15999984741211,22754.0,800107.5625,湖北
1476,2019-08-26,35.88999938964844,100851.0,3619551.0,湖北
1477,2019-08-27,35.88999938964844,100851.0,3619551.0,湖北
1478,2019-08-28,35.08000183105469,5377.0,188617.765625,湖北
1479,2019-08-29,34.66999816894531,38386.0,1330661.75,湖北
1480,2019-08-30,34.7400016784668,17485.0,607475.25,湖北
1481,2019-09-02,34.7400016784668,71121.0,2470959.25,湖北
1482,2019-09-03,34.400001525878906,16213.0,557718.1875,湖北
1483,2019-09-04,34.209999084472656,13480.0,461084.65625,湖北
1484,2019-09-05,33.97999954223633,56123.0,1907250.125,湖北
1485,2019-09-06,33.20000076293945,30286.0,1005412.0625,湖北
1486,2019-09-09,34.06999969482422,4702.0,160215.890625,湖北
1487,2019-09-10,32.91999816894531,15521.0,510977.125,湖北
1488,2019-09-11,32.45000076293945,19994.0,648889.3125,湖北
1489,2019-09-12,32.220001220703125,23801.0,766911.4375,湖北
1490,2019-09-16,32.97999954223633,965.0,31823.189453125,湖北
1491,2019-09-17,32.93000030517578,11908.0,392114.21875,湖北
1492,2019-09-18,32.15999984741211,27320.0,878600.1875,湖北
1493,2019-09-19,31.700000762939453,4317.0,136848.296875,湖北
1494,2019-09-20,31.0,80206.0,2486624.25,湖北
1495,2019-09-23,32.63999938964844,24.0,783.2899780273438,湖北
1496,2019-09-24,32.83000183105469,37.0,1214.8699951171875,湖北
1497,2019-09-25,32.29999923706055,40.0,1292.1800537109375,湖北
1498,2019-09-26,32.959999084472656,3247.0,107012.6328125,湖北
1499,2019-09-27,31.93000030517578,872.0,27843.990234375,湖北
1500,2019-09-30,31.950000762939453,2916.0,93178.03125,湖北
1501,2019-10-08,32.0,5338.0,170863.234375,湖北
1502,2019-10-09,31.479999542236328,9335.0,293893.96875,湖北
1503,2019-10-10,32.369998931884766,25050.0,810850.5625,湖北
1504,2019-10-11,32.16999816894531,1002.0,32237.859375,湖北
1505,2019-10-14,32.130001068115234,537.0,17255.130859375,湖北
1506,2019-10-15,31.31999969482422,1466.0,45917.078125,湖北
1507,2019-10-16,31.950000762939453,464.0,14826.1103515625,湖北
1508,2019-10-17,32.59000015258789,10097.0,329086.9375,湖北
1509,2019-10-18,33.060001373291016,50509.0,1669696.75,湖北
1510,2019-10-21,32.15999984741211,117432.0,3776589.25,湖北
1511,2019-10-22,32.20000076293945,13894.0,447361.59375,湖北
1512,2019-10-23,32.369998931884766,7770.0,251510.203125,湖北
1513,2019-10-24,31.229999542236328,12517.0,390930.34375,湖北
1514,2019-10-25,32.22999954223633,12246.0,394745.75,湖北
1515,2019-10-28,31.579999923706055,8427.0,266132.15625,湖北
1516,2019-10-29,30.239999771118164,28096.0,849612.0625,湖北
1517,2019-10-30,30.530000686645508,8454.0,258063.6875,湖北
1518,2019-10-31,30.059999465942383,11452.0,344291.84375,湖北
1519,2019-11-01,29.5,1523.0,44926.37890625,湖北
1520,2019-11-04,29.950000762939453,4962.0,148624.296875,湖北
1521,2019-11-05,29.690000534057617,13592.0,403587.0625,湖北
1522,2019-11-06,29.440000534057617,2270.0,66837.5,湖北
1523,2019-11-07,29.670000076293945,16183.0,480128.6875,湖北
1524,2019-11-08,29.139999389648438,31423.0,915618.5625,湖北
1525,2019-11-11,28.889999389648438,12278.0,354656.90625,湖北
1526,2019-11-12,27.18000030517578,8187.0,222490.265625,湖北
1527,2019-11-13,30.459999084472656,59182.0,1802777.75,湖北
1528,2019-11-14,29.81999969482422,49462.0,1474812.75,湖北
1529,2019-11-15,29.360000610351562,26676.0,783220.9375,湖北
1530,2019-11-18,29.34000015258789,13195.0,387086.5,湖北
1531,2019-11-19,26.100000381469727,98720.0,2759283.0,湖北
1532,2019-11-20,26.829999923706055,256957.0,6893710.5,湖北
1533,2019-11-21,25.299999237060547,104928.0,2654594.25,湖北
1534,2019-11-22,25.450000762939453,96399.0,2453003.0,湖北
1535,2019-11-25,25.229999542236328,118393.0,2987039.75,湖北
1536,2019-11-26,25.280000686645508,139871.0,3536369.0,湖北
1537,2019-11-27,25.139999389648438,114176.0,2870248.5,湖北
1538,2019-11-28,26.399999618530273,339625.0,8967590.0,湖北
1539,2019-11-29,24.889999389648438,185071.0,4606857.0,湖北
1540,2019-12-02,24.600000381469727,99584.0,2450086.0,湖北
1541,2019-12-03,25.43000030517578,83097.0,2113159.5,湖北
1542,2019-12-04,25.110000610351562,434921.0,10919931.0,湖北
1543,2019-12-05,24.93000030517578,136132.0,3393386.25,湖北
1544,2019-12-06,25.329999923706055,63864.0,1617649.0,湖北
1545,2019-12-09,25.3700008392334,167573.0,4252136.0,湖北
1546,2019-12-10,25.450000762939453,81090.0,2063669.25,湖北
1547,2019-12-11,26.739999771118164,130143.0,3479508.0,湖北
1548,2019-12-12,27.110000610351562,18451.0,500242.90625,湖北
1549,2019-12-13,26.959999084472656,41718.0,1124888.75,湖北
1550,2019-12-16,27.149999618530273,13744.0,373106.03125,湖北
1551,2019-12-17,27.139999389648438,38169.0,1035782.5625,湖北
1552,2019-12-18,26.93000030517578,6798.0,183095.0625,湖北
1553,2019-12-19,27.09000015258789,174811.0,4735031.5,湖北
1554,2019-12-20,26.520000457763672,20500.0,543735.6875,湖北
1555,2019-12-23,26.479999542236328,26536.0,702751.9375,湖北
1556,2019-12-24,26.389999389648438,78238.0,2064861.5,湖北
1557,2019-12-25,27.209999084472656,75426.0,2052426.375,湖北
1558,2019-12-26,26.610000610351562,43200.0,1149749.25,湖北
1559,2019-12-27,27.09000015258789,54937.0,1488467.875,湖北
1560,2019-12-30,27.309999465942383,143655.0,3923199.0,湖北
1561,2019-12-31,26.600000381469727,146899.0,3907685.25,湖北
1562,2020-01-02,26.520000457763672,3005.0,79699.796875,湖北
1563,2020-01-03,27.8799991607666,116.0,3233.780029296875,湖北
1564,2020-01-06,28.799999237060547,12904.0,371627.9375,湖北
1565,2020-01-07,27.40999984741211,14188.0,388915.3125,湖北
1566,2020-01-08,27.530000686645508,5120.0,140960.5625,湖北
1567,2020-01-09,25.520000457763672,24035.0,613371.9375,湖北
1568,2020-01-10,28.739999771118164,2938.0,84438.0390625,湖北
1569,2020-01-13,26.350000381469727,11743.0,309453.34375,湖北
1570,2020-01-14,28.93000030517578,46136.0,1334688.75,湖北
1571,2020-01-15,27.3799991607666,7575.0,207411.59375,湖北
1572,2020-01-16,27.549999237060547,26929.0,741825.625,湖北
1573,2020-01-17,26.639999389648438,8146.0,216990.0625,湖北
1574,2020-01-20,28.770000457763672,10965.0,315466.65625,湖北
1575,2020-01-21,27.979999542236328,4519.0,126453.0703125,湖北
1576,2020-01-22,29.889999389648438,14514.0,433868.46875,湖北
1577,2020-01-23,27.1200008392334,2061.0,55886.05859375,湖北
1578,2020-02-10,27.510000228881836,0.0,0.0,湖北
1579,2020-02-11,27.510000228881836,0.0,0.0,湖北
1580,2020-02-12,27.510000228881836,0.0,0.0,湖北
1581,2020-02-13,27.510000228881836,0.0,0.0,湖北
1582,2020-02-14,27.510000228881836,0.0,0.0,湖北
1583,2020-02-17,27.510000228881836,0.0,0.0,湖北
1584,2020-02-18,27.510000228881836,0.0,0.0,湖北
1585,2020-02-19,27.510000228881836,0.0,0.0,湖北
1586,2020-02-20,27.510000228881836,0.0,0.0,湖北
1587,2020-02-21,27.510000228881836,0.0,0.0,湖北
1588,2020-02-24,27.510000228881836,0.0,0.0,湖北
1589,2020-02-25,27.510000228881836,0.0,0.0,湖北
1590,2020-02-26,27.510000228881836,0.0,0.0,湖北
1591,2020-02-27,27.510000228881836,0.0,0.0,湖北
1592,2020-02-28,27.510000228881836,0.0,0.0,湖北
1593,2020-03-02,27.510000228881836,0.0,0.0,湖北
1594,2020-03-03,27.510000228881836,0.0,0.0,湖北
1595,2020-03-04,27.510000228881836,0.0,0.0,湖北
1596,2020-03-05,27.510000228881836,0.0,0.0,湖北
1597,2020-03-06,27.510000228881836,0.0,0.0,湖北
1598,2020-03-09,27.510000228881836,0.0,0.0,湖北
1599,2020-03-10,27.510000228881836,0.0,0.0,湖北
1600,2020-03-11,27.510000228881836,0.0,0.0,湖北
1601,2020-03-12,27.510000228881836,0.0,0.0,湖北
1602,2020-03-13,27.510000228881836,0.0,0.0,湖北
1603,2020-03-16,27.510000228881836,0.0,0.0,湖北
1604,2020-03-17,27.510000228881836,0.0,0.0,湖北
1605,2020-03-18,27.510000228881836,0.0,0.0,湖北
1606,2020-03-19,27.510000228881836,0.0,0.0,湖北
1607,2020-03-20,27.510000228881836,0.0,0.0,湖北
1608,2020-03-23,24.950000762939453,740.0,18465.419921875,湖北
1609,2020-03-24,25.719999313354492,124.0,3189.419921875,湖北
1610,2020-03-25,25.469999313354492,451.0,11487.7001953125,湖北
1611,2020-03-26,22.959999084472656,13248.0,304200.71875,湖北
1612,2020-03-27,24.8700008392334,149.0,3705.780029296875,湖北
1613,2020-03-30,24.360000610351562,230.0,5602.58984375,湖北
1614,2020-03-31,24.200000762939453,1230.0,29773.740234375,湖北
1615,2020-04-01,25.34000015258789,251.0,6360.43994140625,湖北
1616,2020-04-02,25.59000015258789,241.0,6166.41015625,湖北
1617,2020-04-03,25.360000610351562,321.0,8140.6298828125,湖北
1618,2020-04-07,25.350000381469727,555.0,14066.8701171875,湖北
1619,2020-04-08,25.950000762939453,565.0,14460.919921875,湖北
1620,2020-04-09,25.100000381469727,2201.0,55255.87890625,湖北
1621,2020-04-10,25.0,433.0,10815.259765625,湖北
1622,2020-04-13,25.459999084472656,293.0,7460.14013671875,湖北
1623,2020-04-14,25.350000381469727,216.0,5475.2099609375,湖北
1624,2020-04-15,25.600000381469727,427.0,10932.349609375,湖北
1625,2020-04-16,25.290000915527344,205.0,5185.35009765625,湖北
1626,2020-04-17,25.31999969482422,776.0,19652.08984375,湖北
1627,2020-04-20,24.489999771118164,100346.0,2457823.25,湖北
1628,2020-04-21,25.860000610351562,868.0,22445.779296875,湖北
1629,2020-04-22,25.760000228881836,3468.0,89336.3203125,湖北
1630,2020-04-23,24.700000762939453,349.0,8620.1103515625,湖北
1631,2020-04-24,25.3799991607666,17178.0,435998.59375,湖北
1632,2020-04-27,24.739999771118164,8873.0,219552.34375,湖北
1633,2020-04-28,27.579999923706055,6001.0,165487.65625,湖北
1634,2020-04-29,25.770000457763672,40831.0,1034106.625,湖北
1635,2020-04-30,25.93000030517578,79565.0,2049740.625,湖北
1636,2020-05-06,25.5,46676.0,1169395.375,湖北
1637,2020-05-07,25.950000762939453,9404.0,240166.125,湖北
1638,2020-05-08,25.3799991607666,73756.0,1849359.75,湖北
1639,2020-05-11,25.489999771118164,62286.0,1569217.375,湖北
1640,2020-05-12,25.3799991607666,93201.0,2344328.25,湖北
1641,2020-05-13,25.479999542236328,62095.0,1588941.625,湖北
1642,2020-05-14,25.600000381469727,62121.0,1590811.75,湖北
1643,2020-05-15,25.729999542236328,106129.0,2694952.25,湖北
1644,2020-05-18,26.06999969482422,64447.0,1629107.75,湖北
1645,2020-05-19,25.780000686645508,64355.0,1644806.75,湖北
1646,2020-05-20,26.290000915527344,23671.0,612783.625,湖北
1647,2020-05-21,25.780000686645508,30402.0,779567.75,湖北
1648,2020-05-22,25.690000534057617,64265.0,1632189.375,湖北
1649,2020-05-25,25.229999542236328,70952.0,1814772.875,湖北
1650,2020-05-26,25.049999237060547,65271.0,1670445.875,湖北
1651,2020-05-27,25.200000762939453,61487.0,1549581.125,湖北
1652,2020-05-28,25.209999084472656,67231.0,1695148.5,湖北
1653,2020-05-29,25.270000457763672,67701.0,1710697.5,湖北
1654,2020-06-01,25.6200008392334,2595.0,66472.78125,湖北
1655,2020-06-02,25.020000457763672,3702.0,92621.109375,湖北
1656,2020-06-03,24.260000228881836,4142.0,100500.1796875,湖北
1657,2020-06-04,25.549999237060547,42283.0,1080141.875,湖北
1658,2020-06-05,25.31999969482422,12332.0,312301.46875,湖北
1659,2020-06-08,24.520000457763672,8243.0,202126.46875,湖北
1660,2020-06-09,25.290000915527344,16442.0,415752.96875,湖北
1661,2020-06-10,24.600000381469727,8784.0,216112.734375,湖北
1662,2020-06-11,24.850000381469727,13429.0,333682.84375,湖北
1663,2020-06-12,25.360000610351562,68987.0,1749695.25,湖北
1664,2020-06-15,25.170000076293945,65589.0,1650577.5,湖北
1665,2020-06-16,24.860000610351562,21160.0,526128.6875,湖北
1666,2020-06-17,25.1299991607666,73773.0,1853611.0,湖北
1667,2020-06-18,24.639999389648438,76888.0,1894787.125,湖北
1668,2020-06-19,24.739999771118164,132109.0,3269006.0,湖北
1669,2020-06-20,25.170000076293945,65637.0,1652036.125,湖北
1670,2020-06-23,24.90999984741211,46717.0,1163796.625,湖北
1671,2020-06-24,25.1200008392334,110721.0,2781829.5,湖北
1672,2020-06-29,25.100000381469727,54488.0,1369602.625,湖北
1673,2020-06-30,25.110000610351562,30264.0,783600.75,湖北
1674,2020-07-01,26.389999389648438,69245.0,1803286.625,湖北
1675,2020-07-02,26.489999771118164,94590.0,2436890.0,湖北
1676,2020-07-03,28.0,63831.0,1749822.875,湖北
1677,2020-07-06,27.899999618530273,70199.0,1968835.25,湖北
1678,2020-07-07,27.690000534057617,176068.0,4988587.5,湖北
1679,2020-07-08,27.56999969482422,93567.0,2662816.5,湖北
1680,2020-07-09,27.420000076293945,93924.0,2532802.0,湖北
1681,2020-07-10,27.100000381469727,77023.0,2058157.0,湖北
1682,2020-07-13,27.809999465942383,34229.0,994780.8125,湖北
1683,2020-07-14,27.690000534057617,75945.0,2099275.25,湖北
1684,2020-07-15,27.709999084472656,76133.0,2089736.25,湖北
1685,2020-07-16,27.709999084472656,76344.0,2097337.25,湖北
1686,2020-07-17,27.700000762939453,123226.0,3408339.25,湖北
1687,2020-07-20,27.709999084472656,97686.0,2705092.5,湖北
1688,2020-07-21,27.780000686645508,89996.0,2496324.75,湖北
1689,2020-07-22,27.780000686645508,112066.0,3107470.25,湖北
1690,2020-07-23,54.420000076293945,125935.0,3500081.25,湖北
1691,2020-07-24,27.850000381469727,98535.0,2741515.25,湖北
1692,2020-07-27,27.84000015258789,107484.0,2985308.25,湖北
1693,2020-07-28,27.799999237060547,110112.0,3062645.5,湖北
1694,2020-07-29,27.8799991607666,99254.0,2759834.25,湖北
1695,2020-07-30,27.8799991607666,98775.0,2748750.5,湖北
1696,2020-07-31,27.799999237060547,113604.0,3159290.0,湖北
1697,2020-08-03,27.799999237060547,112667.0,3129676.0,湖北
1698,2020-08-04,27.799999237060547,93226.0,2589201.0,湖北
1699,2020-08-05,27.850000381469727,67400.0,1864724.375,湖北
1700,2020-08-06,49.75,145575.0,3708136.125,湖北
1701,2020-08-07,27.799999237060547,64730.0,1799208.0,湖北
1702,2020-08-10,27.84000015258789,98026.0,2724657.75,湖北
1703,2020-08-11,27.770000457763672,103983.0,2881037.25,湖北
1704,2020-08-12,27.8700008392334,147084.0,4084652.25,湖北
1705,2020-08-13,27.850000381469727,124446.0,3458160.5,湖北
1706,2020-08-14,27.850000381469727,136868.0,3792210.5,湖北
1707,2020-08-17,27.799999237060547,132897.0,3678627.25,湖北
1708,2020-08-18,28.989999771118164,73929.0,2050212.25,湖北
1709,2020-08-19,29.450000762939453,83344.0,2427536.75,湖北
1710,2020-08-20,29.350000381469727,92503.0,2685755.5,湖北
1711,2020-08-21,29.59000015258789,72177.0,2096437.0,湖北
1712,2020-08-24,29.200000762939453,105179.0,3046368.5,湖北
1713,2020-08-25,29.18000030517578,95631.0,2771976.75,湖北
1714,2020-08-26,29.100000381469727,140432.0,4134373.25,湖北
1715,2020-08-27,29.010000228881836,92823.0,2692357.0,湖北
1716,2020-08-28,29.0,96314.0,2779641.5,湖北
1717,2020-08-31,29.0,79272.0,2258616.75,湖北
1718,2020-09-01,29.0,53966.0,1563457.875,湖北
1719,2020-09-02,28.950000762939453,81130.0,2332087.25,湖北
1720,2020-09-03,28.799999237060547,99311.0,2869089.25,湖北
1721,2020-09-04,28.940000534057617,149673.0,4323989.0,湖北
1722,2020-09-07,28.959999084472656,178939.0,5145850.5,湖北
1723,2020-09-08,28.989999771118164,116084.0,3343686.5,湖北
1724,2020-09-09,29.09000015258789,129669.0,3709228.75,湖北
1725,2020-09-10,28.760000228881836,83546.0,2416934.25,湖北
1726,2020-09-11,29.280000686645508,54874.0,1590609.5,湖北
1727,2020-09-14,29.1200008392334,63099.0,1831915.0,湖北
1728,2020-09-15,29.0,82476.0,2375478.5,湖北
1729,2020-09-16,28.510000228881836,43749.0,1256557.625,湖北
1730,2020-09-17,28.979999542236328,57223.0,1653486.125,湖北
1731,2020-09-18,29.0,118911.0,3435679.0,湖北
1732,2020-09-21,29.0,132692.0,3844392.75,湖北
1733,2020-09-22,29.09000015258789,57514.0,1671089.25,湖北
1734,2020-09-23,29.190000534057617,120060.0,3486004.5,湖北
1735,2020-09-24,29.229999542236328,151423.0,4447884.5,湖北
1736,2020-09-25,29.299999237060547,246890.0,7219985.5,湖北
1737,2020-09-28,29.40999984741211,57009.0,1667027.0,湖北
1738,2020-09-29,29.600000381469727,42154.0,1243943.5,湖北
1739,2020-09-30,28.889999389648438,315918.0,9301866.0,湖北
1740,2020-10-09,27.3700008392334,2131.0,58428.140625,湖北
1741,2020-10-12,28.420000076293945,3950.0,112244.0,湖北
1742,2020-10-13,28.399999618530273,9867.0,280263.1875,湖北
1743,2020-10-14,28.700000762939453,5236.0,150283.640625,湖北
1744,2020-10-15,29.299999237060547,502.0,14708.9404296875,湖北
1745,2020-10-16,28.579999923706055,22692.0,648454.9375,湖北
1746,2020-10-19,28.719999313354492,13598.0,390527.5625,湖北
1747,2020-10-20,28.920000076293945,12617.0,364855.125,湖北
1748,2020-10-21,29.09000015258789,13504.0,392781.875,湖北
1749,2020-10-22,21.59000015258789,9021.0,261965.0625,湖北
1750,2020-10-23,28.979999542236328,23374.0,677315.3125,湖北
1751,2020-10-26,28.90999984741211,115910.0,3350610.75,湖北
1752,2020-10-27,28.8799991607666,40687.0,1174870.25,湖北
1753,2020-10-28,27.3700008392334,69719.0,2023100.25,湖北
1754,2020-10-29,29.100000381469727,8752.0,254644.3125,湖北
1755,2020-10-30,31.649999618530273,62194.0,1963081.875,湖北
1756,2020-11-02,28.940000534057617,547.0,15829.5703125,湖北
1757,2020-11-03,27.540000915527344,15344.0,422628.8125,湖北
1758,2020-11-04,27.450000762939453,23969.0,657960.625,湖北
1759,2020-11-05,27.0,8518.0,230010.359375,湖北
1760,2020-11-06,29.68000030517578,1101.0,32679.19921875,湖北
1761,2020-11-09,29.559999465942383,8015.0,230193.84375,湖北
1762,2020-11-10,27.270000457763672,23419.0,638534.25,湖北
1763,2020-11-11,28.709999084472656,61887.0,1777042.25,湖北
1764,2020-11-12,28.420000076293945,188315.0,5352241.5,湖北
1765,2020-11-13,28.719999313354492,78000.0,2239868.75,湖北
1766,2020-11-16,28.149999618530273,207462.0,6046630.0,湖北
1767,2020-11-17,27.6299991607666,37828.0,1045141.875,湖北
1768,2020-11-18,30.270000457763672,76192.0,2130667.25,湖北
1769,2020-11-19,28.049999237060547,97541.0,2736240.75,湖北
1770,2020-11-20,27.93000030517578,61558.0,1719513.5,湖北
1771,2020-11-23,27.760000228881836,109369.0,3000692.5,湖北
1772,2020-11-24,26.959999084472656,189598.0,5110752.5,湖北
1773,2020-11-25,29.229999542236328,72081.0,1987332.125,湖北
1774,2020-11-26,30.559999465942383,118629.0,3312159.75,湖北
1775,2020-11-27,28.170000076293945,58037.0,1635138.0,湖北
1776,2020-11-30,25.860000610351562,58562.0,1621296.0,湖北
1777,2020-12-01,26.440000534057617,97753.0,2687687.5,湖北
1778,2020-12-02,28.25,234806.0,6633667.0,湖北
1779,2020-12-03,24.959999084472656,124296.0,3441752.5,湖北
1780,2020-12-04,27.770000457763672,76690.0,2120968.25,湖北
1781,2020-12-07,27.850000381469727,306971.0,8781843.0,湖北
1782,2020-12-08,27.780000686645508,462057.0,12821734.0,湖北
1783,2020-12-09,27.65999984741211,386466.0,10789026.0,湖北
1784,2020-12-10,23.270000457763672,33502.0,918395.125,湖北
1785,2020-12-11,27.59000015258789,127157.0,3524296.5,湖北
1786,2020-12-14,27.389999389648438,234989.0,6435925.0,湖北
1787,2020-12-15,25.719999313354492,312265.0,8672423.0,湖北
1788,2020-12-16,27.75,22585.0,626723.375,湖北
1789,2020-12-17,27.75,22585.0,626723.375,湖北
1790,2020-12-18,27.190000534057617,49276.0,1339868.875,湖北
1791,2020-12-21,27.010000228881836,40836.0,1131441.0,湖北
1792,2020-12-22,26.59000015258789,65826.0,1750047.125,湖北
1793,2020-12-23,25.31999969482422,62767.0,1673187.25,湖北
1794,2020-12-24,26.639999389648438,52867.0,1431081.875,湖北
1795,2020-12-25,28.290000915527344,243365.0,6885156.5,湖北
1796,2020-12-28,27.670000076293945,21038.0,582210.5,湖北
1797,2020-12-29,27.93000030517578,44717.0,1249124.25,湖北
1798,2020-12-30,28.010000228881836,78072.0,2187035.25,湖北
1799,2020-12-31,27.299999237060547,4256.0,116119.578125,湖北
1800,2021-01-04,28.360000610351562,5.0,141.82000732421875,湖北
1801,2021-01-05,28.350000381469727,164.0,4649.39990234375,湖北
1802,2021-01-06,28.34000015258789,250.0,7085.0,湖北
1803,2021-01-07,28.31999969482422,7643.0,246438.765625,湖北
1804,2021-01-08,27.809999465942383,3401.0,94585.3515625,湖北
1805,2021-01-11,27.709999084472656,1179.0,32667.23046875,湖北
1806,2021-01-12,27.979999542236328,5.0,139.89999389648438,湖北
1807,2021-01-13,27.770000457763672,5041.0,139983.40625,湖北
1808,2021-01-14,27.989999771118164,350.0,9796.5,湖北
1809,2021-01-15,28.600000381469727,337.0,9591.1201171875,湖北
1810,2021-01-18,28.84000015258789,5.0,144.1999969482422,湖北
1811,2021-01-19,27.8799991607666,3572.0,99592.0625,湖北
1812,2021-01-20,27.030000686645508,205.0,5540.89990234375,湖北
1813,2021-01-21,27.079999923706055,13226.0,358180.625,湖北
1814,2021-01-22,27.530000686645508,302.0,8315.080078125,湖北
1815,2021-01-25,28.479999542236328,5.0,142.39999389648438,湖北
1816,2021-01-26,28.860000610351562,5.0,144.3000030517578,湖北
1817,2021-01-27,31.65999984741211,5.0,158.3000030517578,湖北
1818,2021-01-28,28.56999969482422,30.0,857.0499877929688,湖北
1819,2021-01-29,26.5,150116.0,3987166.0,湖北
1820,2021-02-01,30.989999771118164,5.0,154.9499969482422,湖北
1821,2021-02-02,29.729999542236328,8347.0,248150.125,湖北
1822,2021-02-03,27.239999771118164,561.0,15282.8203125,湖北
1823,2021-02-04,26.959999084472656,202.0,5445.6298828125,湖北
1824,2021-02-05,28.56999969482422,115.0,3285.14990234375,湖北
1825,2021-02-08,28.989999771118164,5.0,144.9499969482422,湖北
1826,2021-02-09,26.89299964904785,1749.0,47023.66015625,湖北
1827,2021-02-10,29.350000381469727,154.0,4519.89990234375,湖北
1828,2021-02-18,32.279998779296875,5.0,161.39999389648438,湖北
1829,2021-02-19,34.43000030517578,6.0,206.55999755859375,湖北
1830,2021-02-22,33.209999084472656,2195.0,72906.5703125,湖北
1831,2021-02-23,32.150001525878906,3254.0,104607.03125,湖北
1832,2021-02-24,32.95000076293945,515.0,16966.69921875,湖北
1833,2021-02-25,32.9900016784668,14.0,461.8900146484375,湖北
1834,2021-02-26,29.979999542236328,18296.0,548499.3125,湖北
1835,2021-03-01,27.93000030517578,452.0,12625.900390625,湖北
1836,2021-03-02,32.84000015258789,210.0,6896.89990234375,湖北
1837,2021-03-03,29.719999313354492,2801.0,83254.2109375,湖北
1838,2021-03-04,32.68000030517578,772.0,25227.5,湖北
1839,2021-03-05,29.559999465942383,1350.0,39912.37109375,湖北
1840,2021-03-08,31.440000534057617,7.0,220.07000732421875,湖北
1841,2021-03-09,29.110000610351562,1809.0,52659.71875,湖北
1842,2021-03-10,31.049999237060547,249.0,7732.52001953125,湖北
1843,2021-03-11,33.43000030517578,110.0,3677.0,湖北
1844,2021-03-12,34.33000183105469,1136.0,38995.87890625,湖北
1845,2021-03-15,32.119998931884766,1164.0,37390.78125,湖北
1846,2021-03-16,30.860000610351562,1713.0,52869.3515625,湖北
1847,2021-03-17,31.799999237060547,535.0,17012.80078125,湖北
1848,2021-03-18,28.1299991607666,551.0,15501.400390625,湖北
1849,2021-03-19,30.350000381469727,2074.0,62938.078125,湖北
1850,2021-03-22,30.350000381469727,3073.0,93261.2890625,湖北
1851,2021-03-23,30.350000381469727,100.0,3508.0,湖北
